province,region,date,temperature_2m_mean,temperature_2m_max,temperature_2m_min,apparent_temperature_mean,apparent_temperature_max,apparent_temperature_min,precipitation_sum,rain_sum,showers_sum,precipitation_hours,relative_humidity_2m_mean,wind_speed_10m_max,wind_gusts_10m_max,shortwave_radiation_sum,pressure_msl_mean,cloud_cover_mean,dew_point_2m_mean,snowfall_sum,et0_fao_evapotranspiration,latitude,longitude,sunshine_hours,daylight_hours,month,week,weather_code,wind_direction_10m_dominant,sunrise,sunset,season,uv_index_max,uv_index_clear_sky_max,precipitation_probability_max
Hà Tĩnh,Bắc Trung Bộ,2025-07-21,27.56,29.160000000000004,26.1,32.760000000000005,34.44,30.76,14.26,14.26,0.0,18.4,85.4,16.36,31.48,5.552,995.9,100.0,24.8,0.0,1.7759999999999998,18.356,105.9,0.0,13.07,7,30,61,24,1970-01-21 06:57:55.812,1970-01-21 06:58:42.864,Hè,,,
Hà Tĩnh,Bắc Trung Bộ,2025-07-22,26.360000000000003,27.880000000000003,25.28,30.339999999999996,32.3,28.18,48.4,48.4,0.0,19.0,86.6,23.660000000000004,46.18,5.3340000000000005,992.54,100.0,23.84,0.0,1.784,18.356,105.9,0.408,13.06,7,30,63,159,1970-01-21 06:59:22.224,1970-01-21 07:00:09.252,Hè,,,
Hà Tĩnh,Bắc Trung Bộ,2025-07-23,28.56,31.28,26.119999999999997,32.5,36.56,29.02,0.04,0.04,0.0,0.4,75.4,22.28,38.16,14.452000000000002,997.52,99.8,23.619999999999997,0.0,4.022,18.356,105.9,6.044,13.05,7,30,3,174,1970-01-21 07:00:48.660,1970-01-21 07:01:35.640,Hè,,,
Hà Tĩnh,Bắc Trung Bộ,2025-07-24,28.54,30.94,25.94,33.44,36.7,29.72,2.04,2.04,0.0,3.0,77.0,15.660000000000002,32.04,14.766,1000.78,98.4,24.06,0.0,3.648,18.356,105.9,8.032,13.04,7,30,61,216,1970-01-21 07:02:15.072,1970-01-21 07:03:02.028,Hè,,,
Hà Tĩnh,Bắc Trung Bộ,2025-07-25,26.96,28.380000000000003,25.36,32.160000000000004,34.2,30.3,9.5,9.5,0.0,13.6,85.4,13.02,28.860000000000003,7.014,1001.82,100.0,24.26,0.0,1.85,18.356,105.9,0.0,13.029999999999998,7,30,61,163,1970-01-21 07:03:41.496,1970-01-21 07:04:28.404,Hè,,,
Hà Tĩnh,Bắc Trung Bộ,2025-07-26,27.82,30.92,26.06,33.68,37.96,31.28,8.4,8.4,0.0,9.2,84.0,11.9,29.08,15.438,1001.58,99.8,24.8,0.0,3.418,18.356,105.9,6.366,13.02,7,30,53,154,1970-01-21 07:05:07.920,1970-01-21 07:05:54.780,Hè,,,
Hà Tĩnh,Bắc Trung Bộ,2025-07-27,27.32,29.74,25.46,32.6,35.06,30.360000000000003,22.32,22.32,0.0,8.8,85.2,14.14,27.639999999999997,14.638,1001.04,94.2,24.48,0.0,3.178,18.356,105.9,6.95,13.008,7,30,63,219,1970-01-21 07:06:34.332,1970-01-21 07:07:21.168,Hè,,,
Hà Tĩnh,Bắc Trung Bộ,2025-07-28,27.96,31.7,24.98,33.44,38.3,29.9,9.88,9.88,0.0,8.0,82.4,13.8,32.480000000000004,19.222,999.9,82.2,24.52,0.0,4.2379999999999995,18.356,105.9,9.078,12.996,7,31,63,209,1970-01-21 07:08:00.744,1970-01-21 07:08:47.544,Hè,,,
Hà Tĩnh,Bắc Trung Bộ,2025-07-29,30.02,33.339999999999996,26.8,35.5,40.96,31.3,0.18,0.18,0.0,1.0,73.2,18.639999999999997,35.14,23.974,998.52,74.0,24.56,0.0,5.746,18.356,105.9,11.936,12.986,7,31,51,183,1970-01-21 07:09:27.180,1970-01-21 07:10:13.920,Hè,,,
Hà Tĩnh,Bắc Trung Bộ,2025-07-30,30.380000000000003,33.7,27.96,35.12,40.06,32.18,0.08,0.08,0.0,0.4,70.8,18.9,35.64,22.788,998.6,90.6,24.36,0.0,5.708,18.356,105.9,11.31,12.970000000000002,7,31,3,209,1970-01-21 07:10:53.592,1970-01-21 07:11:40.296,Hè,,,
Hà Tĩnh,Bắc Trung Bộ,2025-07-31,30.619999999999997,34.0,27.880000000000003,35.94,41.4,31.44,0.02,0.02,0.0,0.2,70.6,17.72,33.379999999999995,23.512,998.76,98.0,24.54,0.0,5.814,18.356,105.9,11.664,12.96,7,31,3,172,1970-01-21 07:12:20.004,1970-01-21 07:13:06.660,Hè,,,
Hà Tĩnh,Bắc Trung Bộ,2025-08-01,30.56,33.44,28.339999999999996,35.7,40.68,32.2,0.12,0.12,0.0,1.0,71.2,18.9,37.0,21.866,999.3,89.8,24.619999999999997,0.0,5.504,18.356,105.9,11.418,12.948,8,31,3,207,1970-01-21 07:13:46.440,1970-01-21 07:14:33.048,Hè,,,
Hà Tĩnh,Bắc Trung Bộ,2025-08-02,30.82,34.2,27.74,36.22,41.44,32.339999999999996,0.12,0.12,0.0,0.6,71.0,17.8,36.94,24.486,1001.32,91.4,24.76,0.0,6.0280000000000005,18.356,105.9,12.0,12.935999999999998,8,31,3,221,1970-01-21 07:15:12.852,1970-01-21 07:15:59.412,Hè,,,
Hà Tĩnh,Bắc Trung Bộ,2025-08-03,31.56,35.5,28.26,36.78,42.6,33.160000000000004,0.0,0.0,0.0,0.0,66.6,19.380000000000003,35.58,24.85,1001.88,92.0,24.36,0.0,6.322,18.356,105.9,12.0,12.919999999999998,8,31,3,212,1970-01-21 07:16:39.264,1970-01-21 07:17:25.788,Hè,,,
Hà Tĩnh,Bắc Trung Bộ,2025-08-04,31.839999999999996,35.839999999999996,28.7,36.44,42.52,32.28,0.0,0.0,0.0,0.0,62.8,22.52,40.46,24.134,1001.6,99.0,23.7,0.0,6.581999999999999,18.356,105.9,11.798,12.91,8,32,3,233,1970-01-21 07:18:05.700,1970-01-21 07:18:52.152,Hè,,,
Hà Tĩnh,Bắc Trung Bộ,2025-08-05,31.68,34.86,29.06,36.760000000000005,42.06,32.82,0.0,0.0,0.0,0.0,66.4,18.58,33.6,22.824,1002.26,99.8,24.48,0.0,6.026000000000001,18.356,105.9,12.0,12.896,8,32,3,149,1970-01-21 07:19:32.112,1970-01-21 07:20:18.540,Hè,,,
Hà Tĩnh,Bắc Trung Bộ,2025-08-06,30.639999999999997,33.94,28.5,35.08,39.18,32.28,0.1,0.1,0.0,0.4,68.8,19.66,36.38,16.701999999999998,1003.8,99.2,24.06,0.0,4.779999999999999,18.356,105.9,7.909999999999999,12.88,8,32,3,206,1970-01-21 07:20:58.524,1970-01-21 07:21:44.892,Hè,,,
Hà Tĩnh,Bắc Trung Bộ,2025-08-07,30.18,33.68,27.5,35.14,39.86,31.579999999999995,0.0,0.0,0.0,0.0,72.6,17.18,33.32000000000001,18.438,1006.02,100.0,24.46,0.0,4.758,18.356,105.9,8.858,12.868,8,32,3,149,1970-01-21 07:22:24.960,1970-01-21 07:23:11.268,Hè,,,
Hà Tĩnh,Bắc Trung Bộ,2025-08-08,30.5,34.28,26.880000000000003,36.12,41.239999999999995,31.98,0.0,0.0,0.0,0.0,71.8,14.919999999999998,28.56,25.564,1006.66,34.2,24.52,0.0,5.901999999999999,18.356,105.9,12.0,12.85,8,32,3,114,1970-01-21 07:23:51.360,1970-01-21 07:24:37.620,Hè,,,
Hà Tĩnh,Bắc Trung Bộ,2025-08-09,30.78,34.68,27.360000000000003,36.44,41.739999999999995,32.68,0.02,0.02,0.0,0.2,70.4,14.84,29.74,25.1,1005.5,40.6,24.44,0.0,5.852,18.356,105.9,12.0,12.84,8,32,3,138,1970-01-21 07:25:17.772,1970-01-21 07:26:04.008,Hè,,,
Hà Tĩnh,Bắc Trung Bộ,2025-08-10,30.619999999999997,34.9,27.42,35.739999999999995,41.14,31.48,1.0,1.0,0.0,0.6,69.2,18.0,33.62,25.044,1004.4,42.0,24.08,0.0,6.023999999999999,18.356,105.9,12.0,12.826,8,32,3,123,1970-01-21 07:26:44.184,1970-01-21 07:27:30.360,Hè,,,
Hà Tĩnh,Bắc Trung Bộ,2025-08-11,29.860000000000003,33.62,26.24,35.14,40.18,31.2,0.44,0.44,0.0,0.8,72.4,15.32,29.9,24.228,1004.24,47.0,24.119999999999997,0.0,5.552,18.356,105.9,11.922,12.81,8,33,3,113,1970-01-21 07:28:10.620,1970-01-21 07:28:56.724,Hè,,,
Hà Tĩnh,Bắc Trung Bộ,2025-08-12,30.3,34.4,26.8,35.62,40.6,31.94,0.26,0.26,0.0,1.0,71.0,14.24,28.74,24.468,1004.7,40.0,24.18,0.0,5.704,18.356,105.9,12.0,12.798,8,33,3,124,1970-01-21 07:29:37.032,1970-01-21 07:30:23.100,Hè,,,
Hà Tĩnh,Bắc Trung Bộ,2025-08-13,30.04,33.94,26.02,35.94,40.54,31.160000000000004,1.6,1.6,0.0,4.0,74.8,13.22,30.18,22.51,1005.82,90.4,24.74,0.0,5.034000000000001,18.356,105.9,10.766,12.78,8,33,51,1,1970-01-21 07:31:03.444,1970-01-21 07:31:49.452,Hè,,,
Hà Tĩnh,Bắc Trung Bộ,2025-08-14,30.32,34.78,26.76,35.6,41.34,31.52,0.56,0.56,0.0,1.4,70.6,16.16,30.74,24.356,1004.08,95.8,23.96,0.0,5.708,18.356,105.9,11.906,12.768,8,33,51,96,1970-01-21 07:32:29.868,1970-01-21 07:33:15.828,Hè,,,
Hà Tĩnh,Bắc Trung Bộ,2025-08-15,28.2,32.260000000000005,25.44,33.36,37.46,30.139999999999997,7.040000000000001,7.040000000000001,0.0,7.6,78.6,14.96,31.02,16.928,1003.98,98.0,23.96,0.0,3.834000000000001,18.356,105.9,8.056000000000001,12.75,8,33,63,199,1970-01-21 07:33:56.280,1970-01-21 07:34:42.180,Hè,,,
Hà Tĩnh,Bắc Trung Bộ,2025-08-16,26.160000000000004,29.6,24.0,31.06,35.12,28.360000000000003,10.06,10.06,0.0,18.2,86.8,14.9,31.68,16.836000000000002,1006.4,100.0,23.68,0.0,3.4560000000000004,18.356,105.9,7.638,12.738,8,33,63,0,1970-01-21 07:35:22.692,1970-01-21 07:36:08.544,Hè,,,
Hà Tĩnh,Bắc Trung Bộ,2025-08-17,24.64,25.46,23.8,28.160000000000004,29.8,26.860000000000003,83.11999999999999,83.11999999999999,0.0,23.6,94.4,23.46,41.7,2.734,1006.64,100.0,23.660000000000004,0.0,0.8779999999999999,18.356,105.9,0.0,12.72,8,33,65,9,1970-01-21 07:36:49.104,1970-01-21 07:37:34.920,Hè,,,
Hà Tĩnh,Bắc Trung Bộ,2025-08-18,25.32,28.06,23.360000000000003,29.22,32.38,26.28,53.94,53.94,0.0,17.8,89.0,19.880000000000003,34.839999999999996,7.006,1006.18,100.0,23.32,0.0,1.738,18.356,105.9,0.286,12.708000000000002,8,34,65,243,1970-01-21 07:38:15.528,1970-01-21 07:39:01.260,Hè,,,
Hà Tĩnh,Bắc Trung Bộ,2025-08-19,28.119999999999997,31.52,24.860000000000003,33.22,37.48,28.96,0.16,0.16,0.0,1.0,78.6,14.4,27.139999999999997,20.234,1006.34,100.0,23.94,0.0,4.492,18.356,105.9,9.904,12.69,8,34,51,101,1970-01-21 07:39:41.940,1970-01-21 07:40:27.624,Hè,,,
Hà Tĩnh,Bắc Trung Bộ,2025-08-20,29.22,33.2,25.72,34.660000000000004,40.4,30.18,0.4599999999999999,0.4599999999999999,0.0,1.2,77.6,17.36,30.1,23.684,1006.76,97.2,24.72,0.0,5.343999999999999,18.356,105.9,11.772,12.678,8,34,3,135,1970-01-21 07:41:08.340,1970-01-21 07:41:54.000,Hè,,,
Hà Tĩnh,Bắc Trung Bộ,2025-08-21,29.2,33.0,26.18,34.82,40.04,31.119999999999997,0.78,0.78,0.0,2.4,79.4,17.46,31.82,22.534,1007.84,99.8,25.06,0.0,4.976000000000001,18.356,105.9,11.598,12.66,8,34,51,135,1970-01-21 07:42:34.752,1970-01-21 07:43:20.340,Hè,,,
Hà Tĩnh,Bắc Trung Bộ,2025-08-22,27.8,31.58,25.52,33.519999999999996,39.0,30.02,5.92,5.92,0.0,4.8,84.6,15.4,29.44,22.628,1007.78,96.0,24.86,0.0,4.720000000000001,18.356,105.9,11.472,12.648,8,34,65,146,1970-01-21 07:44:01.164,1970-01-21 07:44:46.680,Hè,,,
Hà Tĩnh,Bắc Trung Bộ,2025-08-23,27.48,30.72,25.22,33.4,38.3,30.54,5.82,5.82,0.0,9.8,85.2,10.82,21.52,20.268,1007.36,86.6,24.64,0.0,4.214,18.356,105.9,11.32,12.628,8,34,53,120,1970-01-21 07:45:27.600,1970-01-21 07:46:13.044,Hè,,,
Hà Tĩnh,Bắc Trung Bộ,2025-08-24,26.2,29.46,24.380000000000003,30.28,34.1,26.82,27.58,27.58,0.0,14.6,89.2,25.1,45.56,12.762,1005.7,97.8,24.22,0.0,2.776,18.356,105.9,4.982,12.611999999999998,8,34,65,324,1970-01-21 07:46:54.000,1970-01-21 07:47:39.420,Hè,,,
Hà Tĩnh,Bắc Trung Bộ,2025-08-25,24.22,25.08,23.619999999999997,23.28,26.339999999999996,19.6,210.46,210.46,0.0,24.0,93.0,66.64,117.94,1.7260000000000002,995.78,100.0,22.98,0.0,1.102,18.356,105.9,0.0,12.598,8,35,65,270,1970-01-21 07:48:20.400,1970-01-21 07:49:05.760,Hè,,,
Hà Tĩnh,Bắc Trung Bộ,2025-08-26,26.8,31.160000000000004,24.18,29.5,35.96,24.06,38.34,38.34,0.0,13.4,84.4,40.1,76.53999999999999,14.724,1003.82,100.0,23.82,0.0,3.55,18.356,105.9,7.0280000000000005,12.58,8,35,63,135,1970-01-21 07:49:46.812,1970-01-21 07:50:32.100,Hè,,,
Hà Tĩnh,Bắc Trung Bộ,2025-08-27,26.4,28.46,24.66,31.78,34.519999999999996,29.22,5.86,5.86,0.0,11.6,88.0,12.64,23.54,12.592,1007.12,100.0,24.22,0.0,2.7079999999999997,18.356,105.9,2.498,12.568,8,35,63,171,1970-01-21 07:51:13.224,1970-01-21 07:51:58.464,Hè,,,
Hà Tĩnh,Bắc Trung Bộ,2025-08-28,26.18,28.72,24.46,31.5,34.32,29.52,5.14,5.14,0.0,14.0,88.8,11.32,24.26,16.669999999999998,1007.1,88.8,24.1,0.0,3.312,18.356,105.9,8.094,12.548,8,35,51,300,1970-01-21 07:52:39.660,1970-01-21 07:53:24.828,Hè,,,
Hà Tĩnh,Bắc Trung Bộ,2025-08-29,25.94,29.0,24.3,30.0,33.54,27.92,17.32,17.32,0.0,16.4,88.2,20.78,40.54,17.298,1007.34,92.8,23.78,0.0,3.446,18.356,105.9,9.268,12.532,8,35,63,342,1970-01-21 07:54:06.060,1970-01-21 07:54:51.180,Hè,,,
Hà Tĩnh,Bắc Trung Bộ,2025-08-30,25.78,27.72,24.44,28.28,31.639999999999997,25.860000000000003,86.4,86.4,0.0,21.0,91.6,38.88,69.03999999999999,6.723999999999999,1003.82,100.0,24.22,0.0,1.798,18.356,105.9,0.284,12.518,8,35,65,2,1970-01-21 07:55:32.460,1970-01-21 07:56:17.520,Hè,,,
Hà Tĩnh,Bắc Trung Bộ,2025-08-31,26.24,29.08,24.08,31.18,34.980000000000004,28.28,30.26,30.26,0.0,19.4,88.8,16.58,34.480000000000004,18.16,1006.86,98.6,24.139999999999997,0.0,3.62,18.356,105.9,8.879999999999999,12.498,8,35,63,93,1970-01-21 07:56:58.872,1970-01-21 07:57:43.860,Hè,,,
Hà Tĩnh,Bắc Trung Bộ,2025-09-01,26.26,28.92,24.06,31.339999999999996,34.38,28.339999999999996,5.0,5.0,0.0,13.4,88.6,15.74,30.74,17.942,1006.66,99.6,24.119999999999997,0.0,3.502,18.356,105.9,9.812,12.482,9,36,61,324,1970-01-21 07:58:25.284,1970-01-21 07:59:10.224,Thu,,,
Hà Tĩnh,Bắc Trung Bộ,2025-09-02,27.08,30.139999999999997,24.6,32.74,36.16,30.1,3.0599999999999996,3.0599999999999996,0.0,6.6,85.8,12.7,27.08,21.729999999999997,1006.86,82.0,24.380000000000003,0.0,4.388,18.356,105.9,11.774,12.468,9,36,51,89,1970-01-21 07:59:51.720,1970-01-21 08:00:36.588,Thu,,,
Hà Tĩnh,Bắc Trung Bộ,2025-09-03,27.619999999999997,30.68,24.92,33.46,37.46,30.660000000000004,0.96,0.96,0.0,4.2,84.8,13.8,27.839999999999996,22.662,1007.06,23.0,24.72,0.0,4.5840000000000005,18.356,105.9,12.0,12.448,9,36,51,102,1970-01-21 08:01:18.120,1970-01-21 08:02:02.940,Thu,,,
Hà Tĩnh,Bắc Trung Bộ,2025-09-04,27.92,31.5,24.94,33.660000000000004,38.44,30.639999999999997,0.44,0.44,0.0,2.2,83.2,14.66,28.94,23.564,1006.9,43.0,24.64,0.0,4.904000000000001,18.356,105.9,12.0,12.432,9,36,51,114,1970-01-21 08:02:44.520,1970-01-21 08:03:29.280,Thu,,,
Hà Tĩnh,Bắc Trung Bộ,2025-09-05,28.2,31.839999999999996,25.18,34.18,39.3,30.9,1.7399999999999998,1.7399999999999998,0.0,1.2,83.6,14.72,28.860000000000003,23.368,1006.9,83.8,25.04,0.0,4.892,18.356,105.9,11.806,12.418,9,36,3,117,1970-01-21 08:04:10.920,1970-01-21 08:04:55.620,Thu,,,
Hà Tĩnh,Bắc Trung Bộ,2025-09-06,28.339999999999996,31.44,25.7,34.54,38.9,31.6,1.28,1.28,0.0,4.0,83.8,13.64,29.52,22.85,1007.32,58.2,25.22,0.0,4.68,18.356,105.9,11.988,12.4,9,36,51,94,1970-01-21 08:05:37.344,1970-01-21 08:06:21.984,Thu,,,
Hà Tĩnh,Bắc Trung Bộ,2025-09-07,27.98,31.339999999999996,25.22,34.28,38.6,31.22000000000001,2.22,2.22,0.0,6.2,84.8,10.02,22.52,22.494,1006.16,65.0,25.04,0.0,4.614,18.356,105.9,11.904,12.382,9,36,51,61,1970-01-21 08:07:03.756,1970-01-21 08:07:48.336,Thu,,,
Hà Tĩnh,Bắc Trung Bộ,2025-09-08,29.18,33.4,25.36,34.54,40.32,30.3,0.04,0.04,0.0,0.2,76.6,17.82,32.32,22.934,1005.24,98.4,24.380000000000003,0.0,5.2780000000000005,18.356,105.9,11.992,12.368,9,37,3,149,1970-01-21 08:08:30.180,1970-01-21 08:09:14.700,Thu,,,
Hà Tĩnh,Bắc Trung Bộ,2025-09-09,29.339999999999996,32.36,26.339999999999996,34.540000000000006,39.540000000000006,30.5,1.48,1.48,0.0,1.6,73.8,16.119999999999997,31.54,22.494,1006.44,95.2,24.02,0.0,5.242,18.356,105.9,11.574,12.35,9,37,3,148,1970-01-21 08:09:56.580,1970-01-21 08:10:41.040,Thu,,,
Hà Tĩnh,Bắc Trung Bộ,2025-09-10,29.24,32.18,26.98,34.04,38.04,31.059999999999995,0.16,0.16,0.0,0.8,74.0,15.56,28.24,20.368,1007.74,99.8,23.92,0.0,4.926,18.356,105.9,10.47,12.33,9,37,51,112,1970-01-21 08:11:22.980,1970-01-21 08:12:07.380,Thu,,,
Hà Tĩnh,Bắc Trung Bộ,2025-09-11,28.98,32.78,25.76,34.12,39.6,30.52,1.34,1.34,0.0,0.8,77.2,17.240000000000002,31.9,21.92,1008.16,97.6,24.380000000000003,0.0,4.982,18.356,105.9,11.488,12.318,9,37,3,131,1970-01-21 08:12:49.380,1970-01-21 08:13:33.720,Thu,,,
Hà Tĩnh,Bắc Trung Bộ,2025-09-12,28.48,32.260000000000005,25.660000000000004,34.06,39.4,31.02,4.88,4.88,0.0,4.8,81.6,16.64,32.1,22.558,1009.08,50.8,24.860000000000003,0.0,4.816,18.356,105.9,11.888,12.3,9,37,51,134,1970-01-21 08:14:15.792,1970-01-21 08:15:00.060,Thu,,,
Hà Tĩnh,Bắc Trung Bộ,2025-09-13,28.26,31.78,25.1,33.42,38.12,30.22,0.1,0.1,0.0,0.6,78.8,16.64,32.1,22.922,1009.82,28.4,23.94,0.0,5.0,18.356,105.9,11.952,12.28,9,37,3,115,1970-01-21 08:15:42.216,1970-01-21 08:16:26.400,Thu,,,
Hà Tĩnh,Bắc Trung Bộ,2025-09-14,27.22,30.0,25.0,32.16,35.239999999999995,29.6,3.1,3.1,0.0,3.6,83.2,14.18,27.92,15.318,1010.08,82.0,24.04,0.0,3.282,18.356,105.9,8.288,12.262,9,37,63,131,1970-01-21 08:17:08.628,1970-01-21 08:17:52.764,Thu,,,
Hà Tĩnh,Bắc Trung Bộ,2025-09-15,27.1,31.139999999999997,24.619999999999997,32.46,37.4,29.78,8.82,8.82,0.0,6.4,84.4,15.22,31.660000000000004,18.08,1010.2,88.6,24.119999999999997,0.0,3.734,18.356,105.9,9.216,12.248,9,38,63,87,1970-01-21 08:18:35.040,1970-01-21 08:19:19.116,Thu,,,
Hà Tĩnh,Bắc Trung Bộ,2025-09-16,27.0,30.46,24.46,32.44,36.62,29.52,6.76,6.76,0.0,11.2,84.4,12.5,26.94,19.869999999999997,1010.0,71.8,24.04,0.0,4.048,18.356,105.9,10.126,12.23,9,38,61,52,1970-01-21 08:20:01.440,1970-01-21 08:20:45.480,Thu,,,
Hà Tĩnh,Bắc Trung Bộ,2025-09-17,26.08,28.56,24.2,31.1,33.64,29.2,15.080000000000002,15.080000000000002,0.0,14.8,88.0,13.420000000000002,29.52,15.034,1008.66,85.8,23.9,0.0,2.956,18.356,105.9,9.094,12.21,9,38,63,333,1970-01-21 08:21:27.840,1970-01-21 08:22:11.820,Thu,,,
Hà Tĩnh,Bắc Trung Bộ,2025-09-18,25.9,28.160000000000004,24.18,30.380000000000003,32.519999999999996,28.119999999999997,12.44,12.44,0.0,20.6,89.0,15.86,30.74,12.596,1008.1,95.6,23.880000000000003,0.0,2.5919999999999996,18.356,105.9,5.618,12.198,9,38,63,352,1970-01-21 08:22:54.240,1970-01-21 08:23:38.160,Thu,,,
Hà Tĩnh,Bắc Trung Bộ,2025-09-19,26.06,28.98,24.0,31.380000000000003,35.18,28.22,14.179999999999998,14.179999999999998,0.0,14.2,89.8,12.6,23.4,15.062,1008.36,96.2,24.16,0.0,3.0439999999999996,18.356,105.9,7.374,12.18,9,38,63,312,1970-01-21 08:24:20.664,1970-01-21 08:25:04.500,Thu,,,
Hà Tĩnh,Bắc Trung Bộ,2025-09-20,27.26,30.839999999999996,24.36,33.36,37.9,29.48,3.4799999999999995,3.4799999999999995,0.0,5.6,87.4,11.14,22.98,18.504,1007.08,78.8,24.86,0.0,3.812,18.356,105.9,10.166,12.16,9,38,53,139,1970-01-21 08:25:47.076,1970-01-21 08:26:30.840,Thu,,,
Hà Tĩnh,Bắc Trung Bộ,2025-09-21,27.619999999999997,32.36,25.16,33.88,40.4,30.42,8.8,8.8,0.0,7.0,86.8,13.22,27.28,21.284,1005.96,87.0,25.0,0.0,4.364,18.356,105.9,10.884,12.14,9,38,63,232,1970-01-21 08:27:13.500,1970-01-21 08:27:57.180,Thu,,,
Hà Tĩnh,Bắc Trung Bộ,2025-09-22,26.56,30.44,24.36,32.260000000000005,37.14,28.96,11.12,11.12,0.0,13.0,89.2,14.66,30.24,18.05,1007.0,78.6,24.6,0.0,3.562,18.356,105.9,9.76,12.13,9,39,63,2,1970-01-21 08:28:39.900,1970-01-21 08:29:23.556,Thu,,,
Hà Tĩnh,Bắc Trung Bộ,2025-09-23,26.52,30.1,23.84,31.9,36.7,28.22,6.5200000000000005,6.5200000000000005,0.0,7.8,87.0,11.58,25.44,18.472,1005.58,73.8,24.1,0.0,3.686,18.356,105.9,10.932,12.11,9,39,63,311,1970-01-21 08:30:06.300,1970-01-21 08:30:49.908,Thu,,,
Hà Tĩnh,Bắc Trung Bộ,2025-09-24,27.92,31.660000000000004,24.5,32.36,35.6,28.639999999999997,20.3,20.3,0.0,8.0,79.0,21.72,41.58,20.604,1003.08,99.6,23.54,0.0,4.5200000000000005,18.356,105.9,10.264,12.09,9,39,63,306,1970-01-21 08:31:32.700,1970-01-21 08:32:16.260,Thu,,,
Hà Tĩnh,Bắc Trung Bộ,2025-09-25,27.880000000000003,32.760000000000005,25.72,32.16,38.239999999999995,29.1,6.6,6.6,0.0,8.8,76.0,20.58,40.239999999999995,18.428,1003.28,98.6,23.1,0.0,4.17,18.356,105.9,10.382,12.078,9,39,63,3,1970-01-21 08:32:59.136,1970-01-21 08:33:42.600,Thu,,,
Hà Tĩnh,Bắc Trung Bộ,2025-09-26,25.6,27.98,24.32,30.639999999999997,33.739999999999995,28.880000000000003,29.9,29.9,0.0,24.0,90.4,14.36,29.6,11.988,1009.16,100.0,23.9,0.0,2.434,18.356,105.9,5.036,12.06,9,39,63,14,1970-01-21 08:34:25.548,1970-01-21 08:35:08.940,Thu,,,
Hà Tĩnh,Bắc Trung Bộ,2025-09-27,25.2,28.74,23.56,29.56,33.96,26.92,55.4,55.4,0.0,23.4,92.2,20.04,40.34,13.692000000000002,1010.5,99.0,23.8,0.0,2.69,18.356,105.9,5.58,12.04,9,39,65,327,1970-01-21 08:35:51.960,1970-01-21 08:36:35.280,Thu,,,
Hà Tĩnh,Bắc Trung Bộ,2025-09-28,25.28,26.339999999999996,24.24,26.28,28.08,22.66,134.14,134.14,0.0,24.0,92.6,60.919999999999995,101.28,4.9799999999999995,1003.1,100.0,23.94,0.0,1.582,18.356,105.9,0.49,12.022,9,39,65,16,1970-01-21 08:37:18.360,1970-01-21 08:38:01.644,Thu,,,
Hà Tĩnh,Bắc Trung Bộ,2025-09-29,25.3,26.56,23.86,26.46,31.119999999999997,20.14,115.28,115.28,0.0,21.2,91.6,69.74,131.68,3.304,998.78,100.0,23.8,0.0,1.338,18.356,105.9,0.0,12.01,9,40,65,135,1970-01-21 08:38:44.760,1970-01-21 08:39:27.996,Thu,,,
Hà Tĩnh,Bắc Trung Bộ,2025-09-30,27.3,30.56,25.380000000000003,31.74,35.08,28.94,2.3400000000000003,2.3400000000000003,0.0,3.4,83.6,18.94,34.14,13.452000000000002,1009.06,100.0,24.18,0.0,3.152,18.356,105.9,5.172,11.99,9,40,51,144,1970-01-21 08:40:11.160,1970-01-21 08:40:54.360,Thu,,,
Hà Tĩnh,Bắc Trung Bộ,2025-10-01,26.8,30.8,24.28,32.54,37.74,29.28,4.0600000000000005,4.0600000000000005,0.0,8.8,88.0,12.22,24.2,18.948,1011.04,98.2,24.54,0.0,3.834000000000001,18.356,105.9,9.566,11.97,10,40,53,132,1970-01-21 08:41:37.596,1970-01-21 08:42:20.700,Thu,,,
Hà Tĩnh,Bắc Trung Bộ,2025-10-02,27.26,30.660000000000004,24.380000000000003,32.46,36.959999999999994,29.639999999999997,0.22,0.22,0.0,1.6,82.8,14.5,26.94,21.798,1011.54,39.8,23.880000000000003,0.0,4.548,18.356,105.9,11.218,11.952,10,40,51,108,1970-01-21 08:43:04.020,1970-01-21 08:43:47.040,Thu,,,
Hà Tĩnh,Bắc Trung Bộ,2025-10-03,27.52,30.639999999999997,24.6,32.82,36.4,29.9,0.36,0.36,0.0,2.2,82.2,12.94,26.4,21.062,1011.1,37.0,24.0,0.0,4.39,18.356,105.9,11.326,11.94,10,40,51,107,1970-01-21 08:44:30.420,1970-01-21 08:45:13.380,Thu,,,
Hà Tĩnh,Bắc Trung Bộ,2025-10-04,27.56,30.880000000000003,24.82,33.2,37.6,30.380000000000003,0.42,0.42,0.0,2.6,83.4,12.14,23.880000000000003,21.224,1010.54,44.4,24.3,0.0,4.368,18.356,105.9,11.216,11.92,10,40,51,115,1970-01-21 08:45:56.820,1970-01-21 08:46:39.720,Thu,,,
Hà Tĩnh,Bắc Trung Bộ,2025-10-05,28.160000000000004,32.42,24.64,33.2,38.12,29.26,0.8800000000000001,0.8800000000000001,0.0,0.4,79.0,17.7,34.92,13.978,1007.06,96.2,23.98,0.0,3.3939999999999997,18.356,105.9,7.101999999999999,11.902,10,40,3,225,1970-01-21 08:47:23.220,1970-01-21 08:48:06.084,Thu,,,
Hà Tĩnh,Bắc Trung Bộ,2025-10-06,29.139999999999997,32.14,26.72,33.14,37.46,29.98,0.0,0.0,0.0,0.0,71.8,21.56,38.739999999999995,14.919999999999998,1005.62,100.0,23.4,0.0,4.215999999999999,18.356,105.9,6.409999999999999,11.888000000000002,10,41,3,72,1970-01-21 08:48:49.656,1970-01-21 08:49:32.448,Thu,,,
Hà Tĩnh,Bắc Trung Bộ,2025-10-07,27.440000000000005,31.24,25.04,31.9,36.58,29.6,3.44,3.44,0.0,6.2,81.8,20.74,37.16,13.958000000000002,1010.4,99.6,23.94,0.0,3.378,18.356,105.9,5.2219999999999995,11.87,10,41,53,149,1970-01-21 08:50:16.080,1970-01-21 08:50:58.800,Thu,,,
Hà Tĩnh,Bắc Trung Bộ,2025-10-08,26.04,28.839999999999996,23.78,31.08,34.38,28.42,6.4799999999999995,6.4799999999999995,0.0,13.0,87.0,12.48,26.0,17.216,1012.42,67.4,23.6,0.0,3.428,18.356,105.9,8.772,11.852,10,41,61,8,1970-01-21 08:51:42.480,1970-01-21 08:52:25.140,Thu,,,
Hà Tĩnh,Bắc Trung Bộ,2025-10-09,26.76,30.22,23.98,31.3,34.839999999999996,28.380000000000003,1.56,1.56,0.0,7.4,82.4,15.04,30.3,20.008,1011.9,58.4,23.28,0.0,4.186,18.356,105.9,10.848,11.832,10,41,51,5,1970-01-21 08:53:08.880,1970-01-21 08:53:51.480,Thu,,,
Hà Tĩnh,Bắc Trung Bộ,2025-10-10,26.660000000000004,29.22,24.32,31.2,33.739999999999995,28.9,1.84,1.84,0.0,8.8,82.8,15.68,32.18,18.792,1011.34,54.0,23.36,0.0,3.816,18.356,105.9,10.942,11.82,10,41,53,6,1970-01-21 08:54:35.304,1970-01-21 08:55:17.844,Thu,,,
Hà Tĩnh,Bắc Trung Bộ,2025-10-11,25.880000000000003,28.6,24.4,31.02,33.94,28.8,13.68,13.68,0.0,14.2,87.8,10.36,24.7,14.052,1010.64,83.2,23.66,0.0,2.8,18.356,105.9,7.228,11.802,10,41,63,4,1970-01-21 08:56:01.740,1970-01-21 08:56:44.220,Thu,,,
Hà Tĩnh,Bắc Trung Bộ,2025-10-12,26.46,29.72,24.46,31.74,34.839999999999996,29.3,3.4199999999999995,3.4199999999999995,0.0,10.0,87.4,12.68,25.56,14.06,1010.26,95.6,24.04,0.0,2.9619999999999997,18.356,105.9,7.114,11.782,10,41,51,304,1970-01-21 08:57:28.140,1970-01-21 08:58:10.560,Thu,,,
Hà Tĩnh,Bắc Trung Bộ,2025-10-13,25.46,27.880000000000003,24.14,30.660000000000004,33.32,28.58,20.119999999999997,20.119999999999997,0.0,18.2,91.2,11.62,25.26,11.628,1010.58,97.2,23.86,0.0,2.3280000000000003,18.356,105.9,5.768,11.768,10,42,63,2,1970-01-21 08:58:54.540,1970-01-21 08:59:36.900,Thu,,,
Hà Tĩnh,Bắc Trung Bộ,2025-10-14,25.06,27.96,23.520000000000003,30.139999999999997,33.38,27.880000000000003,26.860000000000003,26.860000000000003,0.0,19.6,91.4,11.3,23.9,11.64,1010.74,98.6,23.52,0.0,2.354,18.356,105.9,4.66,11.752,10,42,63,167,1970-01-21 09:00:20.964,1970-01-21 09:01:03.264,Thu,,,
Hà Tĩnh,Bắc Trung Bộ,2025-10-15,25.4,28.4,23.92,30.54,34.339999999999996,28.76,15.04,15.04,0.0,16.2,90.0,12.56,26.92,12.047999999999998,1011.4,94.6,23.56,0.0,2.468,18.356,105.9,4.728,11.732,10,42,63,105,1970-01-21 09:01:47.400,1970-01-21 09:02:29.640,Thu,,,
Hà Tĩnh,Bắc Trung Bộ,2025-10-16,25.76,28.8,23.66,30.5,33.660000000000004,27.74,6.859999999999999,6.859999999999999,0.0,15.8,88.6,14.9,30.660000000000004,15.518,1012.64,79.0,23.619999999999997,0.0,3.04,18.356,105.9,8.196000000000002,11.718,10,42,63,337,1970-01-21 09:03:13.800,1970-01-21 09:03:55.980,Thu,,,
Hà Tĩnh,Bắc Trung Bộ,2025-10-17,25.840000000000003,28.880000000000003,23.92,30.18,33.5,27.6,5.0600000000000005,5.0600000000000005,0.0,14.6,88.0,16.22,32.98,16.258000000000003,1013.04,88.4,23.619999999999997,0.0,3.242,18.356,105.9,9.992,11.702,10,42,61,347,1970-01-21 09:04:40.212,1970-01-21 09:05:22.344,Thu,,,
Hà Tĩnh,Bắc Trung Bộ,2025-10-18,25.22,28.08,23.34,29.2,32.4,26.839999999999996,9.02,9.02,0.0,17.2,88.8,16.759999999999998,34.760000000000005,15.636,1012.48,69.2,23.18,0.0,3.056,18.356,105.9,9.48,11.688,10,42,61,328,1970-01-21 09:06:06.648,1970-01-21 09:06:48.720,Thu,,,
Hà Tĩnh,Bắc Trung Bộ,2025-10-19,25.04,28.76,22.96,28.92,33.4,26.119999999999997,17.32,17.32,0.0,18.0,89.0,19.68,39.0,17.168,1011.82,67.6,22.98,0.0,3.3600000000000003,18.356,105.9,9.406,11.672,10,42,63,328,1970-01-21 09:07:33.060,1970-01-21 09:08:15.060,Thu,,,
Hà Tĩnh,Bắc Trung Bộ,2025-10-20,25.18,27.8,22.92,27.660000000000004,30.56,25.56,20.360000000000003,20.360000000000003,0.0,19.0,84.8,28.98,53.92,13.966,1012.2,68.4,22.3,0.0,3.148,18.356,105.9,8.234,11.652,10,43,63,10,1970-01-21 09:08:59.460,1970-01-21 09:09:41.424,Thu,,,
Hà Tĩnh,Bắc Trung Bộ,2025-10-21,24.68,27.119999999999997,22.52,25.24,27.3,23.66,15.420000000000002,15.420000000000002,0.0,15.0,76.2,31.3,57.8,12.828,1014.0,86.8,20.0,0.0,3.764,18.356,105.9,6.242,11.638000000000002,10,43,61,1,1970-01-21 09:10:25.884,1970-01-21 09:11:07.800,Thu,,,
Hà Tĩnh,Bắc Trung Bộ,2025-10-22,22.880000000000003,24.76,20.6,21.56,23.82,19.66,8.92,8.92,0.0,11.6,73.2,34.019999999999996,62.279999999999994,5.752000000000001,1015.56,100.0,17.64,0.0,3.116,18.356,105.9,0.188,11.622,10,43,61,331,1970-01-21 09:11:52.320,1970-01-21 09:12:34.140,Thu,,,
Hà Tĩnh,Bắc Trung Bộ,2025-10-23,19.84,21.7,18.5,18.76,20.68,17.080000000000002,44.22,44.22,0.0,24.0,90.0,33.7,58.98,4.24,1016.94,100.0,18.119999999999997,0.0,1.3059999999999998,18.356,105.9,0.106,11.602,10,43,63,312,1970-01-21 09:13:18.720,1970-01-21 09:14:00.504,Thu,,,
Hà Tĩnh,Bắc Trung Bộ,2025-10-24,20.36,21.8,18.74,19.82,21.86,17.66,19.619999999999997,19.619999999999997,0.0,20.0,85.6,27.46,48.54,5.098,1017.38,100.0,17.82,0.0,1.594,18.356,105.9,0.0,11.59,10,43,55,306,1970-01-21 09:14:45.144,1970-01-21 09:15:26.880,Thu,,,
Hà Tĩnh,Bắc Trung Bộ,2025-10-25,21.98,24.06,20.28,22.72,24.88,20.32,12.82,12.82,0.0,16.4,82.2,21.28,37.5,5.436,1016.04,100.0,18.76,0.0,1.816,18.356,105.9,0.0,11.572,10,43,51,302,1970-01-21 09:16:11.580,1970-01-21 09:16:53.232,Thu,,,
Hà Tĩnh,Bắc Trung Bộ,2025-10-26,23.22,24.92,21.6,24.46,26.22,22.619999999999997,5.76,5.76,0.0,14.0,83.2,23.42,42.46,6.531999999999999,1015.68,97.8,20.160000000000004,0.0,2.052,18.356,105.9,1.2420000000000002,11.558000000000002,10,43,55,5,1970-01-21 09:17:37.992,1970-01-21 09:18:19.608,Thu,,,
Hà Tĩnh,Bắc Trung Bộ,2025-10-27,23.18,24.58,22.04,24.46,25.92,23.22,18.46,18.46,0.0,18.8,85.0,23.68,40.32,3.81,1016.06,100.0,20.42,0.0,1.69,18.356,105.9,0.0,11.54,10,44,63,2,1970-01-21 09:19:04.428,1970-01-21 09:19:45.960,Thu,,,
Hà Tĩnh,Bắc Trung Bộ,2025-10-28,23.28,24.42,22.08,24.46,25.880000000000003,23.18,12.12,12.12,0.0,16.4,83.6,25.26,43.04,4.316,1015.94,100.0,20.22,0.0,1.878,18.356,105.9,0.0,11.522,10,44,61,1,1970-01-21 09:20:30.840,1970-01-21 09:21:12.324,Thu,,,
Hà Tĩnh,Bắc Trung Bộ,2025-10-29,23.4,24.68,21.8,24.96,27.08,22.98,16.419999999999998,16.419999999999998,0.0,18.6,86.4,24.92,42.9,6.414,1014.46,99.8,20.92,0.0,1.9299999999999995,18.356,105.9,0.852,11.51,10,44,63,6,1970-01-21 09:21:57.264,1970-01-21 09:22:38.700,Thu,,,
Hà Tĩnh,Bắc Trung Bộ,2025-10-30,23.78,24.8,22.58,27.08,28.78,24.64,63.879999999999995,63.879999999999995,0.0,24.0,94.6,22.6,39.1,5.08,1013.56,100.0,22.8,0.0,1.184,18.356,105.9,0.2099999999999999,11.492,10,44,63,53,1970-01-21 09:23:23.700,1970-01-21 09:24:05.064,Thu,,,
Hà Tĩnh,Bắc Trung Bộ,2025-10-31,23.8,24.6,23.02,27.7,29.1,26.2,51.1,51.1,0.0,24.0,95.0,18.18,34.480000000000004,5.42,1014.46,100.0,22.94,0.0,1.144,18.356,105.9,0.21,11.48,10,44,63,62,1970-01-21 09:24:50.100,1970-01-21 09:25:31.440,Thu,,,
Hà Tĩnh,Bắc Trung Bộ,2025-11-01,22.7,23.82,21.380000000000003,25.639999999999997,27.619999999999997,23.02,66.2,66.2,0.0,23.6,94.6,20.9,38.66,4.5280000000000005,1015.26,100.0,21.76,0.0,0.956,18.356,105.9,0.4,11.462,11,44,65,31,1970-01-21 09:26:16.548,1970-01-21 09:26:57.804,Thu,,,
Hà Tĩnh,Bắc Trung Bộ,2025-11-02,22.119999999999997,22.84,21.119999999999997,23.34,25.24,21.58,77.7,77.7,0.0,23.8,93.0,29.08,48.68,4.096,1015.22,100.0,20.96,0.0,1.054,18.356,105.9,0.0,11.45,11,44,63,1,1970-01-21 09:27:42.960,1970-01-21 09:28:24.180,Thu,,,
Hà Tĩnh,Bắc Trung Bộ,2025-11-03,20.64,21.96,19.22,20.56,22.46,18.8,102.02,102.02,0.0,24.0,93.6,30.7,52.94,3.872,1015.28,100.0,19.52,0.0,1.026,18.356,105.9,0.0,11.434,11,45,65,8,1970-01-21 09:29:09.384,1970-01-21 09:29:50.544,Thu,,,
Hà Tĩnh,Bắc Trung Bộ,2025-11-04,20.08,21.26,18.76,19.46,21.28,17.8,13.8,13.8,0.0,17.2,85.8,27.8,49.2,5.614,1016.2,100.0,17.580000000000002,0.0,1.606,18.356,105.9,0.0,11.42,11,45,63,317,1970-01-21 09:30:35.820,1970-01-21 09:31:16.932,Thu,,,
Hà Tĩnh,Bắc Trung Bộ,2025-11-05,21.58,23.2,19.880000000000003,22.34,24.619999999999997,19.98,3.5,3.5,0.0,11.2,81.8,19.42,35.62,5.34,1013.74,100.0,18.32,0.0,1.686,18.356,105.9,0.026,11.41,11,45,51,318,1970-01-21 09:32:02.244,1970-01-21 09:32:43.320,Thu,,,
Hà Tĩnh,Bắc Trung Bộ,2025-11-06,22.94,24.68,21.339999999999996,24.62,26.360000000000003,22.36,3.7,3.7,0.0,10.4,84.8,21.22,38.22,7.840000000000001,1011.94,99.6,20.18,0.0,1.954,18.356,105.9,2.604,11.392,11,45,53,327,1970-01-21 09:33:28.680,1970-01-21 09:34:09.672,Thu,,,
Hà Tĩnh,Bắc Trung Bộ,2025-11-07,23.7,24.96,22.36,25.8,28.72,23.36,47.239999999999995,47.239999999999995,0.0,23.6,94.4,31.18,55.0,5.692,1009.1,96.8,22.76,0.0,1.2,18.356,105.9,0.692,11.38,11,45,63,21,1970-01-21 09:34:55.104,1970-01-21 09:35:36.060,Thu,,,
Hà Tĩnh,Bắc Trung Bộ,2025-11-08,25.56,29.139999999999997,22.72,30.24,34.28,27.04,4.0200000000000005,4.0200000000000005,0.0,7.0,89.8,17.68,34.64,16.942,1011.06,56.2,23.56,0.0,3.286,18.356,105.9,9.97,11.364,11,45,63,101,1970-01-21 09:36:21.540,1970-01-21 09:37:02.448,Thu,,,
Hà Tĩnh,Bắc Trung Bộ,2025-11-09,25.28,27.880000000000003,23.54,30.339999999999996,33.32,28.4,4.56,4.56,0.0,13.0,90.6,12.38,26.58,13.574000000000002,1011.6,68.6,23.6,0.0,2.62,18.356,105.9,9.024,11.35,11,45,55,90,1970-01-21 09:37:47.952,1970-01-21 09:38:28.812,Thu,,,
Hà Tĩnh,Bắc Trung Bộ,2025-11-10,25.42,28.02,23.98,30.18,33.1,28.58,3.4799999999999995,3.4799999999999995,0.0,15.2,89.8,15.62,29.58,14.082,1010.3,78.4,23.56,0.0,2.756,18.356,105.9,9.156,11.34,11,46,53,38,1970-01-21 09:39:14.400,1970-01-21 09:39:55.200,Thu,,,
Hà Tĩnh,Bắc Trung Bộ,2025-11-11,24.76,26.52,23.8,27.98,30.06,25.9,2.92,2.92,0.0,11.4,85.8,22.1,40.12,8.052000000000001,1011.16,97.8,22.2,0.0,1.99,18.356,105.9,3.278,11.324000000000002,11,46,51,48,1970-01-21 09:40:40.824,1970-01-21 09:41:21.600,Thu,,,
Hà Tĩnh,Bắc Trung Bộ,2025-11-12,23.0,24.28,21.46,24.98,27.1,23.119999999999997,6.5200000000000005,6.5200000000000005,0.0,12.0,85.0,21.1,36.56,5.226,1014.52,98.4,20.26,0.0,1.558,18.356,105.9,0.128,11.31,11,46,61,20,1970-01-21 09:42:07.260,1970-01-21 09:42:47.964,Thu,,,
Hà Tĩnh,Bắc Trung Bộ,2025-11-13,22.1,24.32,20.26,23.54,26.0,21.619999999999997,4.159999999999999,4.159999999999999,0.0,7.2,79.8,20.14,36.64,8.786,1017.34,60.6,18.28,0.0,2.124,18.356,105.9,4.63,11.3,11,46,53,11,1970-01-21 09:43:33.684,1970-01-21 09:44:14.352,Thu,,,
Hà Tĩnh,Bắc Trung Bộ,2025-11-14,22.04,25.8,19.08,22.56,25.639999999999997,19.52,0.06,0.06,0.0,0.4,71.2,22.78,43.28,16.764,1017.18,19.8,16.28,0.0,3.770000000000001,18.356,105.9,10.832,11.284,11,46,3,5,1970-01-21 09:45:00.120,1970-01-21 09:45:40.740,Thu,,,
Hà Tĩnh,Bắc Trung Bộ,2025-11-15,21.68,23.619999999999997,19.380000000000003,22.380000000000003,24.46,19.7,5.4,5.4,0.0,8.8,81.0,24.04,43.42,5.246,1018.34,80.8,18.22,0.0,1.802,18.356,105.9,0.76,11.27,11,46,61,10,1970-01-21 09:46:26.544,1970-01-21 09:47:07.140,Thu,,,
Hà Tĩnh,Bắc Trung Bộ,2025-11-16,21.76,22.98,20.72,22.839999999999996,24.36,21.5,45.42,45.42,0.0,23.0,90.6,26.44,44.78,3.41,1018.36,100.0,20.16,0.0,1.072,18.356,105.9,0.0,11.26,11,46,65,11,1970-01-21 09:47:52.980,1970-01-21 09:48:33.504,Thu,,,
Hà Tĩnh,Bắc Trung Bộ,2025-11-17,22.76,23.8,21.94,24.66,26.6,23.28,34.92,34.92,0.0,24.0,92.8,22.94,38.16,3.2299999999999995,1017.92,100.0,21.48,0.0,1.032,18.356,105.9,0.0,11.25,11,47,63,29,1970-01-21 09:49:19.404,1970-01-21 09:49:59.892,Thu,,,
Hà Tĩnh,Bắc Trung Bộ,2025-11-18,21.98,23.96,18.18,22.08,25.5,15.739999999999998,21.78,21.78,0.0,22.6,88.6,38.739999999999995,66.66,7.306,1020.06,97.6,19.94,0.0,1.91,18.356,105.9,2.686,11.234,11,47,63,8,1970-01-21 09:50:45.840,1970-01-21 09:51:26.292,Thu,,,
Hà Tĩnh,Bắc Trung Bộ,2025-11-19,16.1,18.32,14.62,13.38,15.66,11.46,33.54,33.54,0.0,21.0,85.2,33.9,59.6,3.214,1025.06,100.0,13.52,0.0,1.294,18.356,105.9,0.0,11.224,11,47,63,8,1970-01-21 09:52:12.288,1970-01-21 09:52:52.692,Thu,,,
Hà Tĩnh,Bắc Trung Bộ,2025-11-20,17.259999999999998,19.78,15.2,15.26,17.8,13.04,4.5,4.5,0.0,12.0,73.0,25.98,46.6,6.42,1023.78,79.6,12.2,0.0,2.148,18.356,105.9,1.142,11.212,11,47,51,6,1970-01-21 09:53:38.712,1970-01-21 09:54:19.080,Thu,,,
Hà Tĩnh,Bắc Trung Bộ,2025-11-21,19.32,22.04,16.64,17.56,20.06,14.46,0.12,0.12,0.0,0.6,62.6,23.02,42.7,10.596,1022.96,69.2,11.9,0.0,3.2159999999999997,18.356,105.9,6.172,11.202,11,47,3,2,1970-01-21 09:55:05.148,1970-01-21 09:55:45.480,Thu,,,
Hà Tĩnh,Bắc Trung Bộ,2025-11-22,20.22,23.14,17.46,19.28,22.32,15.94,0.02,0.02,0.0,0.2,66.2,20.6,38.56,9.822,1020.52,89.6,13.62,0.0,2.912,18.356,105.9,4.401999999999999,11.192,11,47,3,2,1970-01-21 09:56:31.584,1970-01-21 09:57:11.880,Thu,,,
Hà Tĩnh,Bắc Trung Bộ,2025-11-23,20.46,23.32,18.16,20.5,23.34,17.28,0.44,0.44,0.0,1.2,74.4,18.84,34.92,7.2,1018.98,61.6,15.7,0.0,2.1060000000000003,18.356,105.9,2.386,11.182,11,47,3,317,1970-01-21 09:57:58.020,1970-01-21 09:58:38.280,Thu,,,
Hà Tĩnh,Bắc Trung Bộ,2025-11-24,21.380000000000003,23.9,18.48,21.34,23.7,18.78,0.1399999999999999,0.1399999999999999,0.0,1.2,71.6,21.82,40.4,8.622,1019.02,96.8,15.919999999999998,0.0,2.5439999999999996,18.356,105.9,2.732,11.172,11,48,3,335,1970-01-21 09:59:24.444,1970-01-21 10:00:04.680,Thu,,,
Hà Tĩnh,Bắc Trung Bộ,2025-11-25,21.0,23.52,18.4,20.0,22.82,17.64,0.8400000000000001,0.8400000000000001,0.0,3.0,67.2,25.9,48.46,13.262,1019.98,73.4,14.54,0.0,3.502,18.356,105.9,7.868,11.162,11,48,3,3,1970-01-21 10:00:50.880,1970-01-21 10:01:31.080,Thu,,,
Hà Tĩnh,Bắc Trung Bộ,2025-11-26,19.48,22.24,17.240000000000002,18.52,21.119999999999997,15.82,0.8399999999999999,0.8399999999999999,0.0,2.8,70.4,22.08,41.54,13.49,1019.32,63.0,13.8,0.0,3.15,18.356,105.9,9.126,11.152,11,48,51,338,1970-01-21 10:02:17.328,1970-01-21 10:02:57.480,Thu,,,
Hà Tĩnh,Bắc Trung Bộ,2025-11-27,19.56,22.34,17.04,16.7,18.880000000000003,14.76,0.04,0.04,0.0,0.4,58.0,30.619999999999997,56.94,17.36,1022.02,79.2,10.580000000000002,0.0,4.67,18.356,105.9,10.588,11.142,11,48,3,4,1970-01-21 10:03:43.752,1970-01-21 10:04:23.880,Thu,,,
Hà Tĩnh,Bắc Trung Bộ,2025-11-28,18.68,22.58,15.64,16.919999999999998,20.7,13.34,0.0,0.0,0.0,0.0,60.2,21.119999999999997,39.54,17.208000000000002,1018.44,70.2,10.54,0.0,3.938,18.356,105.9,10.35,11.132,11,48,3,8,1970-01-21 10:05:10.200,1970-01-21 10:05:50.280,Thu,,,
Hà Tĩnh,Bắc Trung Bộ,2025-11-29,18.52,23.08,14.16,17.919999999999998,23.24,12.06,0.0,0.0,0.0,0.0,66.4,14.24,27.639999999999997,17.842000000000002,1015.5,38.2,11.84,0.0,3.494,18.356,105.9,10.75,11.124,11,48,3,317,1970-01-21 10:06:36.624,1970-01-21 10:07:16.692,Thu,,,
Hà Tĩnh,Bắc Trung Bộ,2025-11-30,20.14,24.3,16.72,21.0,25.619999999999997,16.56,0.0,0.0,0.0,0.0,75.8,11.96,24.12,15.454,1013.7,35.2,15.419999999999998,0.0,2.968,18.356,105.9,10.03,11.12,11,48,3,321,1970-01-21 10:08:03.060,1970-01-21 10:08:43.092,Thu,,,
Hà Tĩnh,Bắc Trung Bộ,2025-12-01,21.04,23.26,19.02,22.92,25.72,20.22,0.62,0.62,0.0,4.2,87.4,16.44,29.860000000000003,5.822,1014.1,96.8,18.84,0.0,1.334,18.356,105.9,0.414,11.11,12,49,51,312,1970-01-21 10:09:29.508,1970-01-21 10:10:09.492,Đông,,,
Hà Tĩnh,Bắc Trung Bộ,2025-12-02,22.24,25.880000000000003,19.76,25.26,29.2,22.14,0.04,0.04,0.0,0.4,90.6,17.419999999999998,33.56,14.36,1013.32,53.4,20.54,0.0,2.538,18.356,105.9,9.374,11.102,12,49,3,21,1970-01-21 10:10:55.944,1970-01-21 10:11:35.904,Đông,,,
Hà Tĩnh,Bắc Trung Bộ,2025-12-03,22.16,24.5,20.68,24.04,26.46,22.18,4.0,4.0,0.0,12.6,89.4,23.78,43.260000000000005,14.49,1017.4,57.0,20.28,0.0,2.532,18.356,105.9,9.836,11.092,12,49,53,6,1970-01-21 10:12:22.380,1970-01-21 10:13:02.304,Đông,,,
Hà Tĩnh,Bắc Trung Bộ,2025-12-04,21.06,21.94,20.26,22.380000000000003,23.5,21.619999999999997,2.62,2.62,0.0,12.4,88.4,19.34,34.58,3.918,1018.76,96.2,19.04,0.0,1.154,18.356,105.9,0.0,11.09,12,49,51,2,1970-01-21 10:13:48.816,1970-01-21 10:14:28.740,Đông,,,
Hà Tĩnh,Bắc Trung Bộ,2025-12-05,21.119999999999997,22.08,20.36,22.72,24.16,21.42,12.7,12.7,0.0,21.0,93.0,20.52,36.44,4.401999999999999,1019.22,99.4,19.94,0.0,0.984,18.356,105.9,0.504,11.082,12,49,61,8,1970-01-21 10:15:15.252,1970-01-21 10:15:55.152,Đông,,,
Hà Tĩnh,Bắc Trung Bộ,2025-12-06,21.119999999999997,23.3,18.98,22.82,24.8,20.660000000000004,4.9799999999999995,4.9799999999999995,0.0,15.6,87.6,17.84,31.880000000000003,11.524,1018.48,69.8,18.9,0.0,2.176,18.356,105.9,7.252,11.072,12,49,53,2,1970-01-21 10:16:41.688,1970-01-21 10:17:21.552,Đông,,,
Hà Tĩnh,Bắc Trung Bộ,2025-12-07,20.68,23.96,18.1,22.84,26.360000000000003,20.24,1.52,1.52,0.0,6.2,90.2,17.82,33.7,13.652,1017.84,76.2,18.9,0.0,2.38,18.356,105.9,9.162,11.07,12,49,53,6,1970-01-21 10:18:08.124,1970-01-21 10:18:47.964,Đông,,,
Hà Tĩnh,Bắc Trung Bộ,2025-12-08,20.8,23.2,18.94,21.74,23.619999999999997,19.380000000000003,2.38,2.38,0.0,11.4,84.2,20.66,41.34,11.11,1019.26,70.4,17.96,0.0,2.262,18.356,105.9,8.07,11.062,12,50,51,11,1970-01-21 10:19:34.560,1970-01-21 10:20:14.400,Đông,,,
Hà Tĩnh,Bắc Trung Bộ,2025-12-09,20.14,22.56,18.119999999999997,21.22,23.520000000000003,18.92,2.3600000000000003,2.3600000000000003,0.0,11.2,85.0,15.1,30.42,9.248,1018.52,87.6,17.380000000000003,0.0,1.922,18.356,105.9,5.502000000000001,11.06,12,50,51,9,1970-01-21 10:21:01.008,1970-01-21 10:21:40.812,Đông,,,
Hà Tĩnh,Bắc Trung Bộ,2025-12-10,20.880000000000003,23.58,18.52,22.3,24.82,19.56,0.12,0.12,0.0,1.2,85.6,15.62,30.160000000000004,7.888,1017.46,91.8,18.26,0.0,1.7280000000000002,18.356,105.9,2.662,11.052,12,50,51,333,1970-01-21 10:22:27.432,1970-01-21 10:23:07.212,Đông,,,
Hà Tĩnh,Bắc Trung Bộ,2025-12-11,20.979999999999997,21.86,20.42,22.84,23.82,21.86,12.919999999999998,12.919999999999998,0.0,20.2,94.0,20.02,34.480000000000004,3.2299999999999995,1017.04,99.8,19.98,0.0,0.772,18.356,105.9,0.0,11.05,12,50,53,5,1970-01-21 10:23:53.868,1970-01-21 10:24:33.624,Đông,,,
Hà Tĩnh,Bắc Trung Bộ,2025-12-12,21.32,23.6,19.66,23.72,26.56,20.96,5.720000000000001,5.720000000000001,0.0,9.0,90.8,14.82,24.7,6.296,1015.48,91.0,19.7,0.0,1.324,18.356,105.9,1.264,11.041999999999998,12,50,53,322,1970-01-21 10:25:20.304,1970-01-21 10:26:00.072,Đông,,,
Hà Tĩnh,Bắc Trung Bộ,2025-12-13,21.86,24.52,20.16,24.56,27.660000000000004,19.76,26.18,26.18,0.0,16.6,94.4,30.24,51.92,8.114,1016.64,94.4,20.94,0.0,1.552,18.356,105.9,3.5840000000000005,11.041999999999998,12,50,63,46,1970-01-21 10:26:46.728,1970-01-21 10:27:26.472,Đông,,,
Hà Tĩnh,Bắc Trung Bộ,2025-12-14,18.1,20.34,16.919999999999998,17.14,20.04,15.7,33.22,33.22,0.0,20.2,89.4,28.619999999999997,50.18,4.482,1021.12,100.0,16.28,0.0,1.168,18.356,105.9,0.044,11.04,12,50,63,5,1970-01-21 10:28:13.164,1970-01-21 10:28:52.884,Đông,,,
Hà Tĩnh,Bắc Trung Bộ,2025-12-15,19.020000000000003,21.32,16.76,18.880000000000003,21.9,16.0,0.4599999999999999,0.4599999999999999,0.0,3.6,78.8,17.44,32.480000000000004,7.442,1019.18,99.0,15.160000000000002,0.0,1.852,18.356,105.9,1.0,11.032,12,51,3,321,1970-01-21 10:29:39.600,1970-01-21 10:30:19.332,Đông,,,
Hà Tĩnh,Bắc Trung Bộ,2025-12-16,20.24,22.3,18.34,21.66,23.64,18.86,4.5600000000000005,4.5600000000000005,0.0,13.6,87.6,16.080000000000002,29.579999999999995,5.965999999999999,1017.5,99.0,18.04,0.0,1.324,18.356,105.9,1.4220000000000002,11.032,12,51,53,326,1970-01-21 10:31:06.024,1970-01-21 10:31:45.744,Đông,,,
Hà Tĩnh,Bắc Trung Bộ,2025-12-17,20.78,21.98,20.18,22.2,23.58,21.3,13.76,13.76,0.0,17.4,92.2,23.34,41.98,5.492,1018.92,97.4,19.42,0.0,1.178,18.356,105.9,1.248,11.032,12,51,63,16,1970-01-21 10:32:32.460,1970-01-21 10:33:12.180,Đông,,,
Hà Tĩnh,Bắc Trung Bộ,2025-12-18,20.8,23.18,19.1,22.04,24.04,20.36,2.7,2.7,0.0,11.8,85.0,17.16,33.040000000000006,12.244,1018.36,64.0,18.06,0.0,2.334,18.356,105.9,7.67,11.032,12,51,53,7,1970-01-21 10:33:58.896,1970-01-21 10:34:38.592,Đông,,,
Hà Tĩnh,Bắc Trung Bộ,2025-12-19,20.3,24.32,17.7,22.0,26.28,19.139999999999997,0.0,0.0,0.0,0.0,85.4,13.38,26.44,15.832,1014.92,29.2,17.52,0.0,2.7920000000000003,18.356,105.9,9.912,11.03,12,51,3,1,1970-01-21 10:35:25.332,1970-01-21 10:36:05.040,Đông,,,
Hà Tĩnh,Bắc Trung Bộ,2025-12-20,20.4,23.94,17.06,22.24,26.08,18.3,0.6,0.6,0.0,2.2,89.6,15.5,29.139999999999997,12.31,1015.04,58.0,18.52,0.0,2.19,18.356,105.9,7.458,11.03,12,51,3,11,1970-01-21 10:36:51.768,1970-01-21 10:37:31.452,Đông,,,
Hà Tĩnh,Bắc Trung Bộ,2025-12-21,21.08,23.56,19.18,22.86,25.119999999999997,20.380000000000003,6.4799999999999995,6.4799999999999995,0.0,15.4,90.2,19.0,36.14,9.836,1016.96,76.0,19.34,0.0,1.806,18.356,105.9,6.345999999999999,11.03,12,51,61,351,1970-01-21 10:38:18.192,1970-01-21 10:38:57.900,Đông,,,
Hà Tĩnh,Bắc Trung Bộ,2025-12-22,21.94,25.0,20.32,24.339999999999996,27.94,22.24,1.9,1.9,0.0,9.2,87.8,13.62,25.48,12.95,1015.2,60.8,19.78,0.0,2.3920000000000003,18.356,105.9,8.59,11.03,12,52,51,3,1970-01-21 10:39:44.628,1970-01-21 10:40:24.312,Đông,,,
Hà Tĩnh,Bắc Trung Bộ,2025-12-23,22.08,25.02,19.56,24.78,27.48,22.46,1.44,1.44,0.0,8.0,89.0,15.46,29.46,12.396,1013.76,40.8,20.1,0.0,2.298,18.356,105.9,8.83,11.03,12,52,51,112,1970-01-21 10:41:11.052,1970-01-21 10:41:50.760,Đông,,,
Hà Tĩnh,Bắc Trung Bộ,2025-12-24,22.42,25.74,19.82,25.22,28.139999999999997,22.82,0.38,0.38,0.0,3.0,87.8,15.580000000000002,29.72,14.748,1012.94,32.4,20.119999999999997,0.0,2.7,18.356,105.9,9.466,11.03,12,52,51,109,1970-01-21 10:42:37.488,1970-01-21 10:43:17.172,Đông,,,
Hà Tĩnh,Bắc Trung Bộ,2025-12-25,19.26,21.26,17.259999999999998,19.2,23.96,15.9,14.66,14.66,0.0,14.6,87.8,33.06,56.31999999999999,3.851999999999999,1017.9,93.8,17.1,0.0,1.152,18.356,105.9,0.4359999999999999,11.032,12,52,61,7,1970-01-21 10:44:03.912,1970-01-21 10:44:43.620,Đông,,,
Hà Tĩnh,Bắc Trung Bộ,2025-12-26,17.720000000000002,19.54,15.98,16.7,18.46,14.6,3.3600000000000003,3.3600000000000003,0.0,7.0,73.0,19.76,36.36,7.456,1019.9,91.0,12.64,0.0,2.038,18.356,105.9,1.702,11.032,12,52,51,18,1970-01-21 10:45:30.348,1970-01-21 10:46:10.044,Đông,,,
Hà Tĩnh,Bắc Trung Bộ,2025-12-27,17.9,20.84,15.16,17.419999999999998,20.76,14.0,0.58,0.58,0.0,2.8,79.4,18.74,36.0,10.258,1018.96,94.8,14.2,0.0,2.13,18.356,105.9,5.2,11.032,12,52,3,339,1970-01-21 10:46:56.760,1970-01-21 10:47:36.492,Đông,,,
Hà Tĩnh,Bắc Trung Bộ,2025-12-28,19.36,21.54,17.34,20.1,22.14,17.619999999999997,1.94,1.94,0.0,7.0,82.2,13.94,26.42,8.296,1018.1,83.4,16.16,0.0,1.78,18.356,105.9,4.042,11.032,12,52,51,13,1970-01-21 10:48:23.184,1970-01-21 10:49:02.904,Đông,,,
Hà Tĩnh,Bắc Trung Bộ,2025-12-29,20.22,23.96,16.759999999999998,21.64,25.14,18.14,0.12,0.12,0.0,1.2,82.8,14.4,28.119999999999997,14.606,1015.42,45.0,17.02,0.0,2.692,18.356,105.9,9.756,11.04,12,1,3,86,1970-01-21 10:49:49.608,1970-01-21 10:50:29.352,Đông,,,
Hà Tĩnh,Bắc Trung Bộ,2025-12-30,20.4,23.18,18.02,22.32,24.82,20.0,1.16,1.16,0.0,7.0,87.8,12.34,25.119999999999997,12.036,1014.36,48.4,18.2,0.0,2.192,18.356,105.9,7.522,11.041999999999998,12,1,51,101,1970-01-21 10:51:16.032,1970-01-21 10:51:55.788,Đông,,,
Hà Tĩnh,Bắc Trung Bộ,2025-12-31,21.32,25.24,18.34,22.839999999999996,27.06,20.28,0.02,0.02,0.0,0.2,84.2,18.74,32.54,14.162,1011.8,76.4,18.28,0.0,2.7060000000000004,18.356,105.9,9.242,11.041999999999998,12,1,3,125,1970-01-21 10:52:42.468,1970-01-21 10:53:22.212,Đông,,,
Hà Tĩnh,Bắc Trung Bộ,2026-01-01,21.18,24.880000000000003,17.68,22.860000000000003,26.44,19.64,0.6799999999999999,0.6799999999999999,0.0,3.0,83.8,18.2,32.38,15.354,1014.54,54.2,18.119999999999997,0.0,2.908,18.356,105.9,9.946000000000002,11.05,1,1,51,99,1970-01-21 10:54:08.880,1970-01-21 10:54:48.660,Đông,,,
Hà Tĩnh,Bắc Trung Bộ,2026-01-02,19.94,22.36,18.48,20.06,22.7,17.68,8.22,8.22,0.0,19.8,86.2,26.42,47.54,9.594,1019.36,82.6,17.44,0.0,2.0420000000000003,18.356,105.9,6.65,11.052,1,1,61,35,1970-01-21 10:55:35.292,1970-01-21 10:56:15.084,Đông,,,
Hà Tĩnh,Bắc Trung Bộ,2026-01-03,18.06,19.04,16.66,18.5,20.34,16.22,16.479999999999997,16.479999999999997,0.0,19.8,89.8,23.92,42.28,4.418,1020.84,97.6,16.34,0.0,1.0539999999999998,18.356,105.9,0.222,11.06,1,1,63,41,1970-01-21 10:57:01.716,1970-01-21 10:57:41.532,Đông,,,
Hà Tĩnh,Bắc Trung Bộ,2026-01-04,18.98,21.8,16.6,20.24,23.08,17.240000000000002,2.2,2.2,0.0,9.2,87.2,12.34,23.160000000000004,9.596,1019.1,78.6,16.8,0.0,1.7879999999999998,18.356,105.9,5.1339999999999995,11.062,1,1,53,357,1970-01-21 10:58:28.128,1970-01-21 10:59:07.944,Đông,,,
Hà Tĩnh,Bắc Trung Bộ,2026-01-05,19.86,22.72,17.919999999999998,20.8,23.619999999999997,18.68,3.88,3.88,0.0,15.2,86.8,21.7,38.56,12.104,1019.62,89.0,17.5,0.0,2.284,18.356,105.9,8.836,11.07,1,2,61,20,1970-01-21 10:59:54.540,1970-01-21 11:00:34.392,Đông,,,
Hà Tĩnh,Bắc Trung Bộ,2026-01-06,16.96,19.0,14.82,15.38,18.58,12.86,22.3,22.3,0.0,23.4,89.2,29.8,53.2,4.04,1023.52,98.6,15.12,0.0,1.17,18.356,105.9,0.096,11.072,1,2,55,22,1970-01-21 11:01:20.964,1970-01-21 11:02:00.840,Đông,,,
Hà Tĩnh,Bắc Trung Bộ,2026-01-07,15.580000000000002,17.520000000000003,13.18,13.48,15.38,10.94,4.2,4.2,0.0,9.2,73.4,21.28,38.58,6.828,1025.38,88.4,10.74,0.0,1.962,18.356,105.9,1.0379999999999998,11.082,1,2,51,6,1970-01-21 11:02:47.376,1970-01-21 11:03:27.264,Đông,,,
Hà Tĩnh,Bắc Trung Bộ,2026-01-08,16.34,19.24,13.7,14.14,16.419999999999998,11.62,0.4600000000000001,0.4600000000000001,0.0,3.2,67.4,22.68,42.78,12.344,1025.28,83.8,10.06,0.0,2.88,18.356,105.9,8.454,11.09,1,2,51,15,1970-01-21 11:04:13.788,1970-01-21 11:04:53.712,Đông,,,
Hà Tĩnh,Bắc Trung Bộ,2026-01-09,16.02,20.3,12.080000000000002,14.580000000000002,19.119999999999997,9.64,0.0,0.0,0.0,0.0,68.8,17.28,33.68,14.572,1022.3,41.8,10.06,0.0,2.816,18.356,105.9,9.598,11.094,1,2,3,310,1970-01-21 11:05:40.200,1970-01-21 11:06:20.148,Đông,,,
Hà Tĩnh,Bắc Trung Bộ,2026-01-10,16.9,21.46,12.82,16.22,21.04,11.92,0.0,0.0,0.0,0.0,72.4,13.48,24.34,15.558000000000002,1020.18,40.2,11.58,0.0,2.852,18.356,105.9,9.374,11.102,1,2,3,319,1970-01-21 11:07:06.612,1970-01-21 11:07:46.572,Đông,,,
Hà Tĩnh,Bắc Trung Bộ,2026-01-11,17.860000000000003,21.04,15.16,17.3,20.32,14.0,0.6599999999999999,0.6599999999999999,0.0,3.0,75.8,17.44,34.42,13.61,1022.46,46.2,13.36,0.0,2.682,18.356,105.9,9.712,11.112,1,2,51,1,1970-01-21 11:08:33.024,1970-01-21 11:09:13.032,Đông,,,
Hà Tĩnh,Bắc Trung Bộ,2026-01-12,17.880000000000003,22.52,13.579999999999998,18.34,23.46,13.48,0.04,0.04,0.0,0.4,82.6,15.38,29.52,16.592000000000002,1019.94,54.8,14.66,0.0,2.8120000000000003,18.356,105.9,10.228,11.12,1,3,3,11,1970-01-21 11:09:59.424,1970-01-21 11:10:39.456,Đông,,,
Hà Tĩnh,Bắc Trung Bộ,2026-01-13,18.52,21.64,16.0,18.84,21.58,16.1,0.24,0.24,0.0,1.6,81.8,16.28,32.04,14.246,1019.22,29.6,15.18,0.0,2.486,18.356,105.9,9.634,11.13,1,3,51,0,1970-01-21 11:11:25.848,1970-01-21 11:12:05.892,Đông,,,
Hà Tĩnh,Bắc Trung Bộ,2026-01-14,18.619999999999997,23.8,14.04,19.74,25.479999999999997,14.5,0.0,0.0,0.0,0.0,86.0,15.64,30.74,17.036,1015.76,24.6,15.94,0.0,2.896,18.356,105.9,10.034,11.134,1,3,3,101,1970-01-21 11:12:52.248,1970-01-21 11:13:32.340,Đông,,,
Hà Tĩnh,Bắc Trung Bộ,2026-01-15,20.2,23.78,17.36,22.04,25.6,19.2,0.24,0.24,0.0,2.0,88.4,13.94,28.08,14.088,1015.58,56.4,18.06,0.0,2.46,18.356,105.9,9.412,11.144,1,3,51,89,1970-01-21 11:14:18.660,1970-01-21 11:14:58.764,Đông,,,
Hà Tĩnh,Bắc Trung Bộ,2026-01-16,20.42,24.66,16.96,22.34,27.160000000000004,18.68,0.02,0.02,0.0,0.2,88.0,15.68,30.24,16.932,1012.72,43.6,18.16,0.0,2.92,18.356,105.9,10.118,11.154,1,3,3,109,1970-01-21 11:15:45.060,1970-01-21 11:16:25.212,Đông,,,
Hà Tĩnh,Bắc Trung Bộ,2026-01-17,20.72,24.58,18.04,22.92,26.880000000000003,20.24,0.1399999999999999,0.1399999999999999,0.0,1.4,89.6,15.86,30.32,12.458,1011.72,64.4,18.86,0.0,2.232,18.356,105.9,7.209999999999999,11.164,1,3,3,94,1970-01-21 11:17:11.460,1970-01-21 11:17:51.660,Đông,,,
Hà Tĩnh,Bắc Trung Bộ,2026-01-18,21.18,24.74,18.46,23.24,27.08,20.68,0.3,0.3,0.0,1.6,86.6,17.52,33.7,16.074,1011.34,49.6,18.7,0.0,2.852,18.356,105.9,9.93,11.174,1,3,3,105,1970-01-21 11:18:37.860,1970-01-21 11:19:18.084,Đông,,,
Hà Tĩnh,Bắc Trung Bộ,2026-01-19,20.84,25.46,17.240000000000002,22.7,27.639999999999997,19.22,0.04,0.04,0.0,0.4,86.8,19.98,36.14,15.818,1011.92,39.0,18.32,0.0,2.8120000000000003,18.356,105.9,9.282,11.184,1,4,3,100,1970-01-21 11:20:04.260,1970-01-21 11:20:44.532,Đông,,,
Hà Tĩnh,Bắc Trung Bộ,2026-01-20,21.1,24.98,17.96,22.96,27.02,20.119999999999997,0.4,0.4,0.0,3.0,87.8,20.48,37.22,13.65,1013.94,41.0,18.82,0.0,2.5,18.356,105.9,8.11,11.194,1,4,51,117,1970-01-21 11:21:30.660,1970-01-21 11:22:10.980,Đông,,,
Hà Tĩnh,Bắc Trung Bộ,2026-01-21,20.7,23.5,18.76,22.619999999999997,25.660000000000004,20.619999999999997,1.58,1.58,0.0,7.4,87.4,18.46,34.7,12.75,1017.14,63.6,18.42,0.0,2.34,18.356,105.9,8.936,11.204,1,4,53,92,1970-01-21 11:22:57.060,1970-01-21 11:23:37.392,Đông,,,
Hà Tĩnh,Bắc Trung Bộ,2026-01-22,17.64,19.48,15.580000000000002,17.4,21.14,13.78,28.42,28.42,0.0,21.0,90.4,27.98,49.02,4.974,1021.18,95.6,15.94,0.0,1.04,18.356,105.9,0.544,11.22,1,4,63,15,1970-01-21 11:24:23.460,1970-01-21 11:25:03.840,Đông,,,
Hà Tĩnh,Bắc Trung Bộ,2026-01-23,16.28,18.44,14.34,15.0,18.66,12.02,7.48,7.48,0.0,9.8,80.2,20.52,37.08,7.217999999999999,1023.0,99.8,12.82,0.0,1.634,18.356,105.9,0.674,11.23,1,4,3,310,1970-01-21 11:25:49.860,1970-01-21 11:26:30.264,Đông,,,
Hà Tĩnh,Bắc Trung Bộ,2026-01-24,17.66,19.880000000000003,16.18,17.86,20.1,16.14,9.9,9.9,0.0,10.4,87.6,20.3,37.66,8.864,1020.84,90.2,15.54,0.0,1.552,18.356,105.9,3.3340000000000005,11.24,1,4,53,312,1970-01-21 11:27:16.248,1970-01-21 11:27:56.712,Đông,,,
Hà Tĩnh,Bắc Trung Bộ,2026-01-25,19.46,24.26,15.18,20.4,25.7,15.98,0.02,0.02,0.0,0.2,85.6,22.8,41.12,17.125999999999998,1017.08,43.8,16.759999999999998,0.0,2.982,18.356,105.9,9.072,11.25,1,4,3,123,1970-01-21 11:28:42.648,1970-01-21 11:29:23.148,Đông,,,
Hà Tĩnh,Bắc Trung Bộ,2026-01-26,19.84,23.5,16.52,21.66,25.619999999999997,18.04,0.3,0.3,0.0,2.4,88.8,14.18,27.880000000000003,14.96,1018.4,46.2,17.759999999999998,0.0,2.57,18.356,105.9,9.272,11.262,1,5,51,80,1970-01-21 11:30:09.024,1970-01-21 11:30:49.572,Đông,,,
Hà Tĩnh,Bắc Trung Bộ,2026-01-27,20.1,23.06,17.56,21.9,24.6,19.46,0.6,0.6,0.0,4.2,88.2,15.56,30.48,15.422,1019.3,52.0,17.98,0.0,2.658,18.356,105.9,9.574,11.274,1,5,51,26,1970-01-21 11:31:35.412,1970-01-21 11:32:16.020,Đông,,,
Hà Tĩnh,Bắc Trung Bộ,2026-01-28,19.74,22.42,17.880000000000003,21.24,23.66,19.3,2.18,2.18,0.0,11.4,87.0,14.5,29.68,13.154,1019.46,70.6,17.4,0.0,2.3280000000000003,18.356,105.9,7.988,11.29,1,5,53,6,1970-01-21 11:33:01.800,1970-01-21 11:33:42.444,Đông,,,
Hà Tĩnh,Bắc Trung Bộ,2026-01-29,20.22,24.7,16.759999999999998,21.64,26.3,18.42,0.02,0.02,0.0,0.2,87.0,21.74,39.96,16.606,1016.84,51.4,17.759999999999998,0.0,2.96,18.356,105.9,9.91,11.3,1,5,3,116,1970-01-21 11:34:28.200,1970-01-21 11:35:08.880,Đông,,,
Hà Tĩnh,Bắc Trung Bộ,2026-01-30,20.7,25.42,17.02,22.54,28.06,18.76,0.0,0.0,0.0,0.0,87.6,18.94,35.839999999999996,17.426,1017.0,44.0,18.4,0.0,3.03,18.356,105.9,9.768,11.314,1,5,3,106,1970-01-21 11:35:54.588,1970-01-21 11:36:35.304,Đông,,,
Hà Tĩnh,Bắc Trung Bộ,2026-01-31,20.06,22.92,17.98,21.58,24.42,19.7,1.52,1.52,0.0,6.6,89.0,19.98,37.92,14.563999999999998,1019.74,64.4,18.119999999999997,0.0,2.5200000000000005,18.356,105.9,8.536,11.33,1,5,51,30,1970-01-21 11:37:20.964,1970-01-21 11:38:01.752,Đông,,,
Hà Tĩnh,Bắc Trung Bộ,2026-02-01,19.54,21.58,18.1,20.14,21.88,18.72,2.8600000000000003,2.8600000000000003,0.0,12.0,86.8,21.18,40.02,13.746,1021.08,69.2,17.22,0.0,2.334,18.356,105.9,8.178,11.34,2,5,51,31,1970-01-21 11:38:47.340,1970-01-21 11:39:28.188,Đông,,,
Hà Tĩnh,Bắc Trung Bộ,2026-02-02,19.18,20.5,18.24,19.3,20.28,18.16,5.6,5.6,0.0,18.0,88.6,21.86,41.2,8.064,1022.22,88.8,17.22,0.0,1.61,18.356,105.9,3.086,11.354,2,6,53,8,1970-01-21 11:40:13.740,1970-01-21 11:40:54.612,Đông,,,
Hà Tĩnh,Bắc Trung Bộ,2026-02-03,18.72,20.48,17.0,19.0,20.7,17.2,1.24,1.24,0.0,7.4,83.6,17.740000000000002,33.94,6.934,1022.32,88.2,15.8,0.0,1.628,18.356,105.9,0.6260000000000001,11.37,2,6,51,3,1970-01-21 11:41:40.104,1970-01-21 11:42:21.060,Đông,,,
Hà Tĩnh,Bắc Trung Bộ,2026-02-04,19.9,24.42,16.380000000000003,21.44,26.3,17.68,0.0,0.0,0.0,0.0,86.6,18.4,35.019999999999996,17.541999999999998,1017.74,53.4,17.44,0.0,3.018,18.356,105.9,10.392,11.384,2,6,3,104,1970-01-21 11:43:06.492,1970-01-21 11:43:47.472,Đông,,,
Hà Tĩnh,Bắc Trung Bộ,2026-02-05,21.36,25.8,18.08,23.74,29.76,20.1,0.0,0.0,0.0,0.0,89.4,19.66,33.92,17.201999999999998,1014.32,46.2,19.4,0.0,3.02,18.356,105.9,8.658,11.4,2,6,3,121,1970-01-21 11:44:32.880,1970-01-21 11:45:13.920,Đông,,,
Hà Tĩnh,Bắc Trung Bộ,2026-02-06,21.68,25.24,19.66,24.44,28.380000000000003,22.46,0.1399999999999999,0.1399999999999999,0.0,1.2,90.6,15.64,30.1,14.448000000000002,1013.42,68.0,19.96,0.0,2.582,18.356,105.9,7.908,11.412,2,6,51,71,1970-01-21 11:45:59.244,1970-01-21 11:46:40.332,Đông,,,
Hà Tĩnh,Bắc Trung Bộ,2026-02-07,22.24,24.639999999999997,20.479999999999997,24.66,26.959999999999997,23.119999999999997,0.9,0.9,0.0,5.0,88.0,15.96,30.119999999999997,15.188,1015.38,55.8,20.06,0.0,2.71,18.356,105.9,9.53,11.43,2,6,51,102,1970-01-21 11:47:25.620,1970-01-21 11:48:06.780,Đông,,,
Hà Tĩnh,Bắc Trung Bộ,2026-02-08,20.5,23.32,16.759999999999998,21.2,24.619999999999997,15.0,25.06,25.06,0.0,21.8,89.8,29.9,50.760000000000005,11.478,1018.78,88.2,18.72,0.0,2.104,18.356,105.9,7.164,11.441999999999998,2,6,63,49,1970-01-21 11:48:52.020,1970-01-21 11:49:33.192,Đông,,,
Hà Tĩnh,Bắc Trung Bộ,2026-02-09,17.04,19.86,14.8,16.14,20.04,12.36,10.62,10.62,0.0,6.4,83.8,26.08,44.78,8.01,1019.56,95.0,14.22,0.0,1.6760000000000002,18.356,105.9,1.246,11.46,2,7,63,321,1970-01-21 11:50:18.384,1970-01-21 11:50:59.640,Đông,,,
Hà Tĩnh,Bắc Trung Bộ,2026-02-10,19.08,22.1,16.720000000000002,20.4,23.94,17.54,0.1,0.1,0.0,1.0,87.6,13.48,26.78,10.282,1017.84,89.0,16.9,0.0,1.86,18.356,105.9,4.776,11.472,2,7,3,1,1970-01-21 11:51:44.760,1970-01-21 11:52:26.052,Đông,,,
Hà Tĩnh,Bắc Trung Bộ,2026-02-11,20.9,23.68,18.56,23.32,26.02,21.1,1.38,1.38,0.0,6.0,90.6,14.3,28.380000000000003,14.714000000000002,1019.02,75.2,19.24,0.0,2.548,18.356,105.9,9.03,11.49,2,7,51,36,1970-01-21 11:53:11.124,1970-01-21 11:53:52.500,Đông,,,
Hà Tĩnh,Bắc Trung Bộ,2026-02-12,21.46,24.24,19.3,23.66,26.4,21.32,0.8600000000000001,0.8600000000000001,0.0,5.6,88.6,18.78,32.2,13.9,1016.9,63.6,19.34,0.0,2.524,18.356,105.9,9.204,11.502,2,7,51,101,1970-01-21 11:54:37.500,1970-01-21 11:55:18.912,Đông,,,
Hà Tĩnh,Bắc Trung Bộ,2026-02-13,21.74,24.78,19.48,23.58,27.2,21.32,0.4599999999999999,0.4599999999999999,0.0,2.6,85.8,20.2,35.64,15.47,1015.1,54.8,19.16,0.0,2.838,18.356,105.9,9.436,11.52,2,7,51,113,1970-01-21 11:56:03.876,1970-01-21 11:56:45.348,Đông,,,
Hà Tĩnh,Bắc Trung Bộ,2026-02-14,21.48,25.0,19.06,23.520000000000003,27.2,21.2,0.08,0.08,0.0,0.8,87.2,19.24,33.54,15.444,1014.86,49.2,19.1,0.0,2.81,18.356,105.9,9.208,11.532,2,7,3,103,1970-01-21 11:57:30.240,1970-01-21 11:58:11.760,Đông,,,
Hà Tĩnh,Bắc Trung Bộ,2026-02-15,21.619999999999997,25.44,18.96,23.76,28.380000000000003,21.18,0.04,0.04,0.0,0.4,86.0,20.96,38.3,18.43,1013.86,38.2,19.02,0.0,3.29,18.356,105.9,10.21,11.55,2,7,3,109,1970-01-21 11:58:56.616,1970-01-21 11:59:38.184,Đông,,,
Hà Tĩnh,Bắc Trung Bộ,2026-02-16,21.5,24.96,18.48,24.119999999999997,27.56,20.86,0.12,0.12,0.0,1.0,89.4,15.56,30.04,13.584,1013.74,54.4,19.56,0.0,2.502,18.356,105.9,8.57,11.562,2,8,51,62,1970-01-21 12:00:22.980,1970-01-21 12:01:04.620,Đông,,,
Hà Tĩnh,Bắc Trung Bộ,2026-02-17,22.6,25.160000000000004,21.0,25.18,27.9,23.82,3.38,3.38,0.0,12.0,91.2,19.82,37.72,15.69,1015.62,66.2,20.96,0.0,2.716,18.356,105.9,9.432,11.582,2,8,53,56,1970-01-21 12:01:49.344,1970-01-21 12:02:31.032,Đông,,,
Hà Tĩnh,Bắc Trung Bộ,2026-02-18,21.48,23.22,20.56,23.72,25.98,22.14,14.4,14.4,0.0,20.8,94.2,19.42,33.92,8.272,1018.3,93.8,20.44,0.0,1.524,18.356,105.9,2.652,11.598,2,8,63,17,1970-01-21 12:03:15.720,1970-01-21 12:03:57.480,Đông,,,
Hà Tĩnh,Bắc Trung Bộ,2026-02-19,20.84,22.160000000000004,19.78,22.88,24.56,21.06,13.34,13.34,0.0,20.0,93.0,17.28,33.459999999999994,9.214,1019.9,84.8,19.58,0.0,1.6759999999999995,18.356,105.9,3.63,11.611999999999998,2,8,61,35,1970-01-21 12:04:42.084,1970-01-21 12:05:23.880,Đông,,,
Hà Tĩnh,Bắc Trung Bộ,2026-02-20,20.92,22.660000000000004,19.8,22.44,23.9,20.68,3.72,3.72,0.0,11.8,87.4,18.54,34.14,12.012,1018.94,77.8,18.72,0.0,2.226,18.356,105.9,6.49,11.632,2,8,51,40,1970-01-21 12:06:08.460,1970-01-21 12:06:50.304,Đông,,,
Hà Tĩnh,Bắc Trung Bộ,2026-02-21,21.7,26.18,18.06,24.08,29.98,20.119999999999997,0.0,0.0,0.0,0.0,87.4,19.36,34.22,19.146,1010.52,34.4,19.34,0.0,3.408,18.356,105.9,10.082,11.648,2,8,3,123,1970-01-21 12:07:34.800,1970-01-21 12:08:16.740,Đông,,,
Hà Tĩnh,Bắc Trung Bộ,2026-02-22,22.56,26.160000000000004,19.880000000000003,25.7,30.040000000000003,22.86,0.08,0.08,0.0,0.8,90.6,16.28,29.44,14.852,1008.82,81.2,20.86,0.0,2.718,18.356,105.9,7.812,11.662,2,8,51,51,1970-01-21 12:09:01.164,1970-01-21 12:09:43.152,Đông,,,
Hà Tĩnh,Bắc Trung Bộ,2026-02-23,23.48,26.42,21.6,26.119999999999997,29.54,24.06,0.4599999999999999,0.4599999999999999,0.0,2.8,87.8,21.1,37.44,14.766,1009.82,58.2,21.24,0.0,2.724,18.356,105.9,9.23,11.682,2,9,51,108,1970-01-21 12:10:27.540,1970-01-21 12:11:09.588,Đông,,,
Hà Tĩnh,Bắc Trung Bộ,2026-02-24,23.2,25.44,21.64,26.32,28.860000000000003,24.5,1.3199999999999998,1.3199999999999998,0.0,6.4,90.6,16.06,29.8,10.312,1011.16,76.6,21.54,0.0,1.95,18.356,105.9,4.354,11.698,2,9,51,93,1970-01-21 12:11:53.880,1970-01-21 12:12:36.000,Đông,,,
Hà Tĩnh,Bắc Trung Bộ,2026-02-25,22.619999999999997,25.380000000000003,21.26,25.58,28.42,24.06,0.8,0.8,0.0,3.2,89.0,15.3,28.9,13.429999999999998,1012.26,59.0,20.6,0.0,2.464,18.356,105.9,7.264,11.712,2,9,3,98,1970-01-21 12:13:20.244,1970-01-21 12:14:02.412,Đông,,,
Hà Tĩnh,Bắc Trung Bộ,2026-02-26,22.66,25.58,20.4,25.82,28.9,23.46,0.36,0.36,0.0,2.8,88.6,14.3,27.78,14.716,1009.92,53.8,20.6,0.0,2.742,18.356,105.9,9.68,11.732,2,9,51,105,1970-01-21 12:14:46.620,1970-01-21 12:15:28.860,Đông,,,
Hà Tĩnh,Bắc Trung Bộ,2026-02-27,23.5,26.880000000000003,21.48,27.56,31.5,24.86,1.1,1.1,0.0,3.8,92.8,15.18,27.82,13.86,1007.12,55.8,22.2,0.0,2.5740000000000003,18.356,105.9,7.837999999999999,11.748,2,9,51,109,1970-01-21 12:16:12.960,1970-01-21 12:16:55.260,Đông,,,
Hà Tĩnh,Bắc Trung Bộ,2026-02-28,24.54,28.52,21.7,28.360000000000003,33.239999999999995,25.26,0.7,0.7,0.0,3.4,88.8,20.56,35.260000000000005,16.778,1005.7,37.8,22.4,0.0,3.2939999999999996,18.356,105.9,10.064,11.762,2,9,51,120,1970-01-21 12:17:39.324,1970-01-21 12:18:21.672,Đông,,,
Hà Tĩnh,Bắc Trung Bộ,2026-03-01,25.860000000000003,29.579999999999995,22.8,29.92,34.96,26.58,0.3,0.3,0.0,0.8,83.6,18.54,32.46,19.244,1005.58,60.8,22.619999999999997,0.0,3.904,18.356,105.9,11.008,11.782,3,9,3,90,1970-01-21 12:19:05.700,1970-01-21 12:19:48.120,Xuân,,,
Hà Tĩnh,Bắc Trung Bộ,2026-03-02,26.44,30.6,22.880000000000003,30.68,36.2,26.639999999999997,0.06,0.06,0.0,0.4,83.0,18.56,33.18,19.132,1006.82,43.0,22.92,0.0,3.998,18.356,105.9,11.168,11.798,3,10,3,97,1970-01-21 12:20:32.040,1970-01-21 12:21:14.520,Xuân,,,
Hà Tĩnh,Bắc Trung Bộ,2026-03-03,23.04,26.28,21.46,25.94,30.94,23.02,9.94,9.94,0.0,13.0,93.0,24.72,46.379999999999995,8.952000000000002,1010.82,72.6,21.78,0.0,1.668,18.356,105.9,3.3879999999999995,11.812,3,10,61,1,1970-01-21 12:21:58.404,1970-01-21 12:22:40.932,Xuân,,,
Hà Tĩnh,Bắc Trung Bộ,2026-03-04,20.2,21.4,19.46,20.68,23.16,19.52,10.06,10.06,0.0,16.0,87.2,23.18,40.68,5.83,1015.64,99.2,17.98,0.0,1.45,18.356,105.9,0.006,11.832,3,10,61,14,1970-01-21 12:23:24.780,1970-01-21 12:24:07.368,Xuân,,,
Hà Tĩnh,Bắc Trung Bộ,2026-03-05,20.56,22.08,19.34,21.8,23.24,20.36,2.38,2.38,0.0,10.8,85.2,16.7,30.619999999999997,7.374,1015.1,100.0,17.94,0.0,1.664,18.356,105.9,0.3,11.85,3,10,51,318,1970-01-21 12:24:51.120,1970-01-21 12:25:33.780,Xuân,,,
Hà Tĩnh,Bắc Trung Bộ,2026-03-06,20.8,22.2,19.98,22.520000000000003,24.44,21.06,11.88,11.88,0.0,18.0,92.0,19.92,35.720000000000006,6.4319999999999995,1016.24,91.6,19.44,0.0,1.31,18.356,105.9,1.636,11.868,3,10,61,9,1970-01-21 12:26:17.460,1970-01-21 12:27:00.180,Xuân,,,
Hà Tĩnh,Bắc Trung Bộ,2026-03-07,22.3,24.6,20.56,24.54,27.28,22.58,5.36,5.36,0.0,14.4,87.2,17.160000000000004,32.019999999999996,15.080000000000002,1016.3,72.8,19.96,0.0,2.848,18.356,105.9,8.606,11.882,3,10,53,67,1970-01-21 12:27:43.836,1970-01-21 12:28:26.616,Xuân,,,
Hà Tĩnh,Bắc Trung Bộ,2026-03-08,22.6,26.06,20.02,24.68,28.44,22.3,0.2,0.2,0.0,1.0,83.2,21.42,38.9,19.544,1016.24,21.6,19.42,0.0,3.7,18.356,105.9,10.894,11.9,3,10,1,104,1970-01-21 12:29:10.200,1970-01-21 12:29:53.040,Xuân,,,
Hà Tĩnh,Bắc Trung Bộ,2026-03-09,22.3,24.84,20.34,24.0,27.2,19.64,3.8,3.8,0.0,16.4,86.6,29.660000000000004,51.46,16.913999999999998,1018.6,62.6,19.92,0.0,3.1740000000000004,18.356,105.9,9.906,11.92,3,11,51,46,1970-01-21 12:30:36.540,1970-01-21 12:31:19.440,Xuân,,,
Hà Tĩnh,Bắc Trung Bộ,2026-03-10,18.76,20.2,17.3,18.119999999999997,20.16,16.16,10.66,10.66,0.0,14.6,84.2,29.82,49.88,5.636,1021.82,97.2,15.94,0.0,1.532,18.356,105.9,0.026,11.932,3,11,61,1,1970-01-21 12:32:02.880,1970-01-21 12:32:45.852,Xuân,,,
Hà Tĩnh,Bắc Trung Bộ,2026-03-11,19.66,21.8,17.52,20.14,22.34,17.32,1.5000000000000002,1.5000000000000002,0.0,7.2,81.4,16.22,30.52,8.687999999999999,1018.34,97.4,16.34,0.0,1.97,18.356,105.9,0.956,11.95,3,11,51,2,1970-01-21 12:33:29.244,1970-01-21 12:34:12.276,Xuân,,,
Hà Tĩnh,Bắc Trung Bộ,2026-03-12,20.78,22.18,19.86,21.4,22.48,20.34,1.1800000000000002,1.1800000000000002,0.0,6.4,80.6,19.0,35.28,8.974,1017.68,87.8,17.259999999999998,0.0,2.2039999999999997,18.356,105.9,2.6740000000000004,11.97,3,11,51,1,1970-01-21 12:34:55.620,1970-01-21 12:35:38.700,Xuân,,,
Hà Tĩnh,Bắc Trung Bộ,2026-03-13,20.7,22.56,19.3,21.22,22.96,19.3,1.88,1.88,0.0,6.0,78.6,18.48,34.019999999999996,11.368,1018.68,82.8,16.72,0.0,2.492,18.356,105.9,5.266,11.99,3,11,51,333,1970-01-21 12:36:21.960,1970-01-21 12:37:05.100,Xuân,,,
Hà Tĩnh,Bắc Trung Bộ,2026-03-14,20.82,23.18,19.34,22.66,25.54,20.52,3.9,3.9,0.0,9.2,86.8,16.580000000000002,30.119999999999997,9.886,1019.04,87.8,18.479999999999997,0.0,2.022,18.356,105.9,3.722,12.008,3,11,53,52,1970-01-21 12:37:48.300,1970-01-21 12:38:31.500,Xuân,,,
Hà Tĩnh,Bắc Trung Bộ,2026-03-15,21.42,24.1,19.08,23.06,25.56,21.06,3.02,3.02,0.0,11.8,85.2,20.48,38.88,15.1,1018.36,52.8,18.76,0.0,2.81,18.356,105.9,9.358,12.02,3,11,55,109,1970-01-21 12:39:14.640,1970-01-21 12:39:57.936,Xuân,,,
Hà Tĩnh,Bắc Trung Bộ,2026-03-16,21.880000000000003,25.36,18.880000000000003,23.6,27.380000000000003,20.96,0.68,0.68,0.0,3.0,82.4,20.380000000000003,37.0,17.684,1015.54,27.2,18.6,0.0,3.404,18.356,105.9,10.482,12.04,3,12,51,110,1970-01-21 12:40:41.004,1970-01-21 12:41:24.360,Xuân,,,
Hà Tĩnh,Bắc Trung Bộ,2026-03-17,22.42,26.2,18.86,24.22,28.639999999999997,20.74,0.18,0.18,0.0,1.4,82.4,23.06,40.62,17.356,1013.44,22.6,19.1,0.0,3.4159999999999995,18.356,105.9,11.12,12.06,3,12,51,116,1970-01-21 12:42:07.356,1970-01-21 12:42:50.760,Xuân,,,
Hà Tĩnh,Bắc Trung Bộ,2026-03-18,22.74,26.7,19.18,25.56,30.42,21.54,0.04,0.04,0.0,0.4,87.0,21.3,36.72,18.77,1013.18,30.2,20.34,0.0,3.432,18.356,105.9,10.994,12.08,3,12,2,92,1970-01-21 12:43:33.720,1970-01-21 12:44:17.160,Xuân,,,
Hà Tĩnh,Bắc Trung Bộ,2026-03-19,23.5,27.22,20.84,26.44,31.360000000000003,23.7,0.0,0.0,0.0,0.0,86.4,22.02,38.66,19.03,1012.06,35.4,21.0,0.0,3.572,18.356,105.9,10.762,12.09,3,12,3,114,1970-01-21 12:45:00.060,1970-01-21 12:45:43.596,Xuân,,,
Hà Tĩnh,Bắc Trung Bộ,2026-03-20,23.66,27.54,20.619999999999997,27.24,32.68,23.64,0.92,0.92,0.0,0.8,89.0,19.44,34.56,18.588,1011.6,40.8,21.619999999999997,0.0,3.4,18.356,105.9,10.306,12.11,3,12,3,107,1970-01-21 12:46:26.400,1970-01-21 12:47:10.020,Xuân,,,
Hà Tĩnh,Bắc Trung Bộ,2026-03-21,23.82,26.46,21.96,26.880000000000003,29.68,25.16,1.3,1.3,0.0,4.8,89.0,20.44,37.66,15.348,1013.44,53.0,21.78,0.0,2.8280000000000003,18.356,105.9,9.064,12.13,3,12,51,103,1970-01-21 12:47:52.740,1970-01-21 12:48:36.420,Xuân,,,
Hà Tĩnh,Bắc Trung Bộ,2026-03-22,24.2,27.28,22.0,27.2,31.0,25.14,0.74,0.74,0.0,3.8,86.8,22.18,39.62,17.816,1012.44,50.2,21.7,0.0,3.376,18.356,105.9,9.7,12.148,3,12,51,109,1970-01-21 12:49:19.116,1970-01-21 12:50:02.820,Xuân,,,
Hà Tĩnh,Bắc Trung Bộ,2026-03-23,24.4,27.96,22.14,27.639999999999997,32.42,25.16,0.54,0.54,0.0,0.6,86.8,22.08,39.52,18.19,1011.24,43.8,21.96,0.0,3.4200000000000004,18.356,105.9,10.992,12.16,3,13,3,112,1970-01-21 12:50:45.480,1970-01-21 12:51:29.256,Xuân,,,
Hà Tĩnh,Bắc Trung Bộ,2026-03-24,24.52,27.880000000000003,22.06,28.44,32.86,25.7,0.5,0.5,0.0,1.8,88.6,18.46,34.78,17.002000000000002,1010.02,61.0,22.44,0.0,3.198,18.356,105.9,10.192,12.18,3,13,3,104,1970-01-21 12:52:11.820,1970-01-21 12:52:55.680,Xuân,,,
Hà Tĩnh,Bắc Trung Bộ,2026-03-25,24.82,28.08,22.76,28.380000000000003,32.78,26.1,0.1,0.1,0.0,0.8,86.8,20.54,36.8,17.964,1010.7,48.6,22.380000000000003,0.0,3.412,18.356,105.9,10.752,12.2,3,13,3,99,1970-01-21 12:53:38.160,1970-01-21 12:54:22.080,Xuân,,,
Hà Tĩnh,Bắc Trung Bộ,2026-03-26,25.04,28.619999999999997,22.82,29.2,33.94,26.58,0.08,0.08,0.0,0.8,89.0,19.56,34.980000000000004,18.648000000000003,1009.24,37.8,22.98,0.0,3.5420000000000003,18.356,105.9,10.558,12.212,3,13,2,105,1970-01-21 12:55:04.500,1970-01-21 12:55:48.480,Xuân,,,
Hà Tĩnh,Bắc Trung Bộ,2026-03-27,25.4,29.52,23.08,30.160000000000004,35.660000000000004,27.1,0.0,0.0,0.0,0.0,90.0,18.82,33.92,18.524,1007.64,46.0,23.44,0.0,3.5340000000000003,18.356,105.9,9.556,12.23,3,13,3,69,1970-01-21 12:56:30.876,1970-01-21 12:57:14.892,Xuân,,,
Hà Tĩnh,Bắc Trung Bộ,2026-03-28,25.380000000000003,29.2,23.36,30.22,35.5,27.82,0.0,0.0,0.0,0.0,90.2,16.919999999999998,32.760000000000005,18.406,1007.98,42.2,23.58,0.0,3.49,18.356,105.9,9.422,12.25,3,13,3,40,1970-01-21 12:57:57.240,1970-01-21 12:58:41.328,Xuân,,,
Hà Tĩnh,Bắc Trung Bộ,2026-03-29,25.880000000000003,30.119999999999997,23.24,30.639999999999997,35.06,27.6,0.0,0.0,0.0,0.0,89.2,18.58,34.78,18.93,1007.54,41.8,23.64,0.0,3.692,18.356,105.9,9.658,12.268,3,13,3,90,1970-01-21 12:59:23.580,1970-01-21 13:00:07.740,Xuân,,,
Hà Tĩnh,Bắc Trung Bộ,2026-03-30,27.22,33.38,22.56,31.160000000000004,38.94,25.839999999999996,0.0,0.0,0.0,0.0,78.0,18.72,32.82000000000001,21.94,1006.58,11.8,22.46,0.0,4.934,18.356,105.9,11.812,12.282,3,14,1,80,1970-01-21 13:00:49.920,1970-01-21 13:01:34.140,Xuân,,,
Hà Tĩnh,Bắc Trung Bộ,2026-03-31,29.26,35.7,23.78,32.42,39.32,26.18,0.0,0.0,0.0,0.0,62.8,16.4,30.74,22.408,1006.38,49.0,20.74,0.0,5.786,18.356,105.9,11.706,12.3,3,14,3,204,1970-01-21 13:02:16.260,1970-01-21 13:03:00.540,Xuân,,,
Hà Tĩnh,Bắc Trung Bộ,2026-04-01,24.72,26.54,23.74,28.06,30.619999999999997,26.4,4.0200000000000005,4.0200000000000005,0.0,6.6,87.0,23.520000000000003,41.32,9.124,1010.4,91.4,22.4,0.0,2.018,18.356,105.9,1.6780000000000002,12.32,4,14,53,27,1970-01-21 13:03:42.612,1970-01-21 13:04:26.964,Xuân,,,
Hà Tĩnh,Bắc Trung Bộ,2026-04-02,25.92,29.58,23.78,30.339999999999996,35.06,27.48,0.16,0.16,0.0,1.4,87.4,21.02,37.38,20.604,1009.36,55.6,23.42,0.0,3.908,18.356,105.9,10.734,12.338,4,14,3,100,1970-01-21 13:05:08.976,1970-01-21 13:05:53.400,Xuân,,,
Hà Tĩnh,Bắc Trung Bộ,2026-04-03,28.880000000000003,35.14,23.380000000000003,33.36,40.34,27.839999999999996,0.0,0.0,0.0,0.0,73.2,17.02,31.04,22.458,1005.32,32.8,22.880000000000003,0.0,5.506,18.356,105.9,11.32,12.352,4,14,3,185,1970-01-21 13:06:35.340,1970-01-21 13:07:19.800,Xuân,,,
Hà Tĩnh,Bắc Trung Bộ,2026-04-04,27.119999999999997,30.02,24.24,31.619999999999997,35.22,28.9,0.2,0.2,0.0,0.6,81.4,19.96,37.08,20.208,1004.88,63.4,23.42,0.0,4.154,18.356,105.9,11.868,12.37,4,14,3,13,1970-01-21 13:08:01.680,1970-01-21 13:08:46.200,Xuân,,,
Hà Tĩnh,Bắc Trung Bộ,2026-04-05,28.46,34.0,24.04,34.02,40.96,29.160000000000004,0.0,0.0,0.0,0.0,80.6,15.86,30.160000000000004,22.498,1003.56,41.6,24.28,0.0,5.096,18.356,105.9,11.36,12.388000000000002,4,14,3,75,1970-01-21 13:09:28.020,1970-01-21 13:10:12.600,Xuân,,,
Hà Tĩnh,Bắc Trung Bộ,2026-04-06,30.08,35.92,25.619999999999997,34.760000000000005,42.6,28.82,0.0,0.0,0.0,0.0,67.4,17.119999999999997,30.74,23.002,1003.94,3.0,22.880000000000003,0.0,5.71,18.356,105.9,12.0,12.408,4,15,1,187,1970-01-21 13:10:54.360,1970-01-21 13:11:39.036,Xuân,,,
Hà Tĩnh,Bắc Trung Bộ,2026-04-07,30.339999999999996,36.18,25.3,34.24,42.1,27.9,0.0,0.0,0.0,0.0,61.6,16.240000000000002,28.520000000000003,23.332,1004.6,12.0,21.66,0.0,6.068,18.356,105.9,12.0,12.422,4,15,3,94,1970-01-21 13:12:20.724,1970-01-21 13:13:05.460,Xuân,,,
Hà Tĩnh,Bắc Trung Bộ,2026-04-08,30.22,36.6,24.92,33.32,41.2,27.139999999999997,0.0,0.0,0.0,0.0,59.6,20.46,36.06,22.339999999999996,1005.52,24.8,20.880000000000003,0.0,6.2219999999999995,18.356,105.9,12.0,12.438,4,15,3,154,1970-01-21 13:13:47.088,1970-01-21 13:14:31.860,Xuân,,,
Hà Tĩnh,Bắc Trung Bộ,2026-04-09,29.6,36.4,24.64,33.2,40.739999999999995,27.74,0.0,0.0,0.0,0.0,65.4,20.24,36.720000000000006,23.494,1006.0,14.4,21.72,0.0,5.882,18.356,105.9,12.0,12.458000000000002,4,15,2,135,1970-01-21 13:15:13.440,1970-01-21 13:15:58.260,Xuân,,,
Hà Tĩnh,Bắc Trung Bộ,2026-04-10,30.02,36.18,25.48,33.480000000000004,41.56,27.92,0.0,0.0,0.0,0.0,61.4,17.380000000000003,31.98,23.910000000000004,1005.56,0.0,21.28,0.0,6.178,18.356,105.9,12.0,12.472,4,15,0,130,1970-01-21 13:16:39.780,1970-01-21 13:17:24.684,Xuân,,,
Hà Tĩnh,Bắc Trung Bộ,2026-04-11,31.360000000000003,37.42,26.76,33.480000000000004,40.18,28.56,0.0,0.0,0.0,0.0,51.4,21.18,37.96,24.236,1004.18,0.0,19.48,0.0,7.254,18.356,105.9,12.0,12.488,4,15,0,196,1970-01-21 13:18:06.132,1970-01-21 13:18:51.120,Xuân,,,
Hà Tĩnh,Bắc Trung Bộ,2026-04-12,29.68,36.14,24.98,32.94,41.02,27.04,0.0,0.0,0.0,0.0,61.6,19.46,35.0,24.322,1003.58,0.0,20.880000000000003,0.0,6.252,18.356,105.9,12.0,12.508,4,15,0,146,1970-01-21 13:19:32.508,1970-01-21 13:20:17.520,Xuân,,,
Hà Tĩnh,Bắc Trung Bộ,2026-04-13,29.3,34.46,24.8,32.980000000000004,40.42,27.72,0.0,0.0,0.0,0.0,65.4,19.36,34.14,23.198,1005.32,3.2,21.72,0.0,5.822,18.356,105.9,12.0,12.522,4,16,0,106,1970-01-21 13:20:58.860,1970-01-21 13:21:43.920,Xuân,,,
Hà Tĩnh,Bắc Trung Bộ,2026-04-14,28.7,34.08,23.98,32.980000000000004,39.96,27.24,0.0,0.0,0.0,0.0,73.4,20.18,34.5,23.03,1005.82,5.0,22.98,0.0,5.274,18.356,105.9,12.0,12.538,4,16,0,111,1970-01-21 13:22:25.200,1970-01-21 13:23:10.344,Xuân,,,
Hà Tĩnh,Bắc Trung Bộ,2026-04-15,28.339999999999996,33.67999999999999,24.16,32.620000000000005,39.14,27.6,0.0,0.0,0.0,0.0,76.8,22.46,38.66,22.642000000000003,1004.84,6.4,23.380000000000003,0.0,4.996,18.356,105.9,12.0,12.558000000000002,4,16,1,106,1970-01-21 13:23:51.564,1970-01-21 13:24:36.780,Xuân,,,
Hà Tĩnh,Bắc Trung Bộ,2026-04-16,28.139999999999997,33.06,24.380000000000003,32.739999999999995,39.22,28.22,0.04,0.04,0.0,0.2,79.8,23.479999999999997,40.04,23.119999999999997,1005.7,6.6,23.92,0.0,5.018,18.356,105.9,11.896,12.57,4,16,1,100,1970-01-21 13:25:17.940,1970-01-21 13:26:03.180,Xuân,,,
Hà Tĩnh,Bắc Trung Bộ,2026-04-17,26.52,30.98,24.02,31.82,37.56,28.660000000000004,2.42,2.42,0.0,3.0,89.6,20.84,39.52,19.826,1008.2,44.2,24.4,0.0,3.856,18.356,105.9,8.75,12.588,4,16,61,37,1970-01-21 13:26:44.280,1970-01-21 13:27:29.580,Xuân,,,
Hà Tĩnh,Bắc Trung Bộ,2026-04-18,25.94,28.42,24.4,30.5,33.02,28.639999999999997,5.4799999999999995,5.4799999999999995,0.0,10.2,89.0,18.96,35.36,15.394,1010.2,67.2,23.92,0.0,3.06,18.356,105.9,8.364,12.602,4,16,63,88,1970-01-21 13:28:10.632,1970-01-21 13:28:56.004,Xuân,,,
Hà Tĩnh,Bắc Trung Bộ,2026-04-19,25.78,29.139999999999997,23.94,29.96,34.0,27.72,3.74,3.74,0.0,4.6,87.0,20.66,38.1,17.986,1009.62,58.0,23.28,0.0,3.556,18.356,105.9,9.57,12.62,4,16,63,109,1970-01-21 13:29:36.984,1970-01-21 13:30:22.440,Xuân,,,
Hà Tĩnh,Bắc Trung Bộ,2026-04-20,26.04,29.56,22.880000000000003,30.46,35.72,27.18,0.1,0.1,0.0,1.0,86.2,20.54,34.5,20.206,1008.14,41.2,23.34,0.0,4.088,18.356,105.9,10.696000000000002,12.638000000000002,4,17,3,112,1970-01-21 13:31:03.360,1970-01-21 13:31:48.840,Xuân,,,
Hà Tĩnh,Bắc Trung Bộ,2026-04-21,27.54,31.24,24.16,32.22,37.28,28.74,0.06,0.06,0.0,0.4,82.4,20.08,34.46,22.554,1006.14,44.4,23.92,0.0,4.746,18.356,105.9,11.796,12.65,4,17,3,113,1970-01-21 13:32:29.712,1970-01-21 13:33:15.252,Xuân,,,
Hà Tĩnh,Bắc Trung Bộ,2026-04-22,28.660000000000004,33.32,24.7,33.7,39.9,28.76,0.08,0.08,0.0,0.2,77.4,16.9,32.46,23.74,1004.64,44.8,23.96,0.0,5.238,18.356,105.9,12.0,12.668,4,17,3,130,1970-01-21 13:33:56.064,1970-01-21 13:34:41.676,Xuân,,,
Hà Tĩnh,Bắc Trung Bộ,2026-04-23,26.860000000000003,32.019999999999996,24.94,31.74,38.18,28.92,10.36,10.36,0.0,7.4,85.8,25.42,51.56,16.928,1006.06,69.6,24.119999999999997,0.0,3.478,18.356,105.9,7.832000000000001,12.688,4,17,63,16,1970-01-21 13:35:22.440,1970-01-21 13:36:08.100,Xuân,,,
Hà Tĩnh,Bắc Trung Bộ,2026-04-24,24.6,26.04,23.880000000000003,28.98,31.0,27.639999999999997,23.32,23.32,0.0,20.6,92.8,15.04,25.839999999999996,7.666,1010.58,100.0,23.34,0.0,1.662,18.356,105.9,0.924,12.7,4,17,63,14,1970-01-21 13:36:48.792,1970-01-21 13:37:34.500,Xuân,,,
Hà Tĩnh,Bắc Trung Bộ,2026-04-25,24.880000000000003,27.04,23.52,28.9,31.48,27.46,4.9399999999999995,4.9399999999999995,0.0,13.6,86.8,14.24,28.059999999999995,17.168,1013.48,90.8,22.4,0.0,3.3579999999999997,18.356,105.9,8.512,12.718,4,17,53,41,1970-01-21 13:38:15.144,1970-01-21 13:39:00.924,Xuân,,,
Hà Tĩnh,Bắc Trung Bộ,2026-04-26,25.32,28.48,22.54,29.82,33.86,26.94,0.6599999999999999,0.6599999999999999,0.0,2.8,86.0,13.419999999999998,26.860000000000003,20.792,1011.44,80.4,22.64,0.0,4.05,18.356,105.9,11.18,12.73,4,17,3,99,1970-01-21 13:39:41.520,1970-01-21 13:40:27.360,Xuân,,,
Hà Tĩnh,Bắc Trung Bộ,2026-04-27,26.42,30.139999999999997,23.82,31.2,36.9,27.9,0.0,0.0,0.0,0.0,85.6,15.52,30.68,21.584,1008.16,61.6,23.7,0.0,4.292,18.356,105.9,11.138,12.748,4,18,3,117,1970-01-21 13:41:07.872,1970-01-21 13:41:53.760,Xuân,,,
Hà Tĩnh,Bắc Trung Bộ,2026-04-28,27.06,31.160000000000004,23.9,32.38,37.54,28.860000000000003,0.16,0.16,0.0,0.6,84.8,14.28,29.32,21.308,1006.72,56.4,23.96,0.0,4.32,18.356,105.9,11.092,12.76,4,18,3,113,1970-01-21 13:42:34.236,1970-01-21 13:43:20.172,Xuân,,,
Hà Tĩnh,Bắc Trung Bộ,2026-04-29,25.96,27.98,24.34,28.92,31.58,26.880000000000003,1.2,1.2,0.0,3.4,79.8,25.56,48.04,15.842000000000002,1010.64,83.4,22.14,0.0,3.472,18.356,105.9,7.05,12.778,4,18,51,6,1970-01-21 13:44:00.600,1970-01-21 13:44:46.596,Xuân,,,
Hà Tĩnh,Bắc Trung Bộ,2026-04-30,24.24,25.78,22.74,26.56,27.94,25.34,3.06,3.06,0.0,8.0,78.8,17.56,32.68,12.07,1014.72,74.6,20.24,0.0,2.882,18.356,105.9,4.144,12.79,4,18,53,17,1970-01-21 13:45:26.964,1970-01-21 13:46:13.020,Xuân,,,
Hà Tĩnh,Bắc Trung Bộ,2026-05-01,24.48,28.06,21.3,27.660000000000004,32.18,24.3,0.0,0.0,0.0,0.0,77.4,14.64,27.08,22.176,1012.02,72.0,20.06,0.0,4.462,18.356,105.9,11.91,12.808000000000002,5,18,3,107,1970-01-21 13:46:53.340,1970-01-21 13:47:39.432,Xuân,,,
Hà Tĩnh,Bắc Trung Bộ,2026-05-02,26.52,30.360000000000003,22.68,31.2,36.08,26.339999999999996,0.2799999999999999,0.2799999999999999,0.0,0.8,84.4,15.86,28.24,20.21,1008.66,95.0,23.520000000000003,0.0,4.2,18.356,105.9,10.582,12.82,5,18,3,128,1970-01-21 13:48:19.692,1970-01-21 13:49:05.844,Xuân,,,
Hà Tĩnh,Bắc Trung Bộ,2026-05-03,27.0,31.3,24.22,32.62,38.58,28.5,6.720000000000001,6.720000000000001,0.0,6.8,86.6,15.82,30.52,21.676,1008.92,50.0,24.46,0.0,4.372,18.356,105.9,10.858,12.836000000000002,5,18,61,21,1970-01-21 13:49:46.080,1970-01-21 13:50:32.280,Xuân,,,
Hà Tĩnh,Bắc Trung Bộ,2026-05-04,23.880000000000003,25.1,22.76,26.6,29.18,24.9,28.380000000000003,28.380000000000003,0.0,17.2,88.2,22.24,40.48,7.67,1014.12,98.4,21.72,0.0,1.778,18.356,105.9,0.3139999999999999,12.85,5,19,65,11,1970-01-21 13:51:12.432,1970-01-21 13:51:58.692,Xuân,,,
Hà Tĩnh,Bắc Trung Bộ,2026-05-05,25.2,27.6,23.0,28.44,31.159999999999997,25.8,0.4,0.4,0.0,3.4,80.0,13.26,25.92,16.942,1012.16,68.8,21.4,0.0,3.5760000000000005,18.356,105.9,9.094,12.86,5,19,51,14,1970-01-21 13:52:38.820,1970-01-21 13:53:25.104,Xuân,,,
Hà Tĩnh,Bắc Trung Bộ,2026-05-06,26.48,29.92,23.08,31.06,36.14,27.08,0.8400000000000001,0.8400000000000001,0.0,0.6,84.2,19.58,35.339999999999996,23.768,1008.82,15.6,23.5,0.0,4.6979999999999995,18.356,105.9,12.0,12.876,5,19,2,121,1970-01-21 13:54:05.172,1970-01-21 13:54:51.540,Xuân,,,
Hà Tĩnh,Bắc Trung Bộ,2026-05-07,27.48,30.82,24.76,32.92,38.14,29.880000000000003,3.3200000000000003,3.3200000000000003,0.0,2.0,86.0,19.64,37.3,22.64,1008.16,58.6,24.84,0.0,4.514,18.356,105.9,10.708,12.89,5,19,3,82,1970-01-21 13:55:31.560,1970-01-21 13:56:17.952,Xuân,,,
Hà Tĩnh,Bắc Trung Bộ,2026-05-08,26.06,28.58,24.54,30.94,34.660000000000004,28.78,6.640000000000001,6.640000000000001,0.0,11.8,88.2,15.36,28.72,16.54,1011.54,91.8,23.9,0.0,3.3240000000000003,18.356,105.9,7.220000000000001,12.9,5,19,53,4,1970-01-21 13:56:57.924,1970-01-21 13:57:44.376,Xuân,,,
Hà Tĩnh,Bắc Trung Bộ,2026-05-09,25.660000000000004,28.24,23.98,30.04,32.980000000000004,28.28,6.42,6.42,0.0,17.2,87.6,18.5,35.42,17.82,1012.96,77.8,23.36,0.0,3.492,18.356,105.9,9.778,12.916,5,19,53,15,1970-01-21 13:58:24.300,1970-01-21 13:59:10.800,Xuân,,,
Hà Tĩnh,Bắc Trung Bộ,2026-05-10,25.839999999999996,28.2,23.84,30.160000000000004,33.34,28.26,4.68,4.68,0.0,16.8,85.4,17.72,34.04,19.558,1012.76,81.4,23.14,0.0,3.87,18.356,105.9,10.166,12.93,5,19,53,47,1970-01-21 13:59:50.664,1970-01-21 14:00:37.212,Xuân,,,
Hà Tĩnh,Bắc Trung Bộ,2026-05-11,26.6,29.06,24.04,31.82,34.94,29.339999999999996,1.4,1.4,0.0,7.6,85.6,15.12,29.96,22.696,1011.38,65.0,23.92,0.0,4.468,18.356,105.9,11.888,12.94,5,20,51,95,1970-01-21 14:01:17.052,1970-01-21 14:02:03.648,Xuân,,,
Hà Tĩnh,Bắc Trung Bộ,2026-05-12,27.5,30.92,24.92,33.06,37.84,30.1,0.9,0.9,0.0,2.8,86.4,18.880000000000003,33.86,22.534,1007.96,83.2,24.92,0.0,4.468,18.356,105.9,11.596,12.956,5,20,51,121,1970-01-21 14:02:43.440,1970-01-21 14:03:30.060,Xuân,,,
Hà Tĩnh,Bắc Trung Bộ,2026-05-13,28.42,31.92,25.28,34.56,39.34,31.18,0.54,0.54,0.0,4.4,84.4,14.8,28.52,22.418,1004.74,59.0,25.32,0.0,4.752,18.356,105.9,11.12,12.970000000000002,5,20,51,108,1970-01-21 14:04:09.792,1970-01-21 14:04:56.484,Xuân,,,
Hà Tĩnh,Bắc Trung Bộ,2026-05-14,30.04,33.480000000000004,27.160000000000004,35.5,39.52,32.04,0.1399999999999999,0.1399999999999999,0.0,1.2,73.2,15.12,27.3,18.68,1003.32,84.4,24.5,0.0,4.702,18.356,105.9,9.848,12.98,5,20,51,164,1970-01-21 14:05:36.180,1970-01-21 14:06:22.908,Xuân,,,
Hà Tĩnh,Bắc Trung Bộ,2026-05-15,30.26,33.46,27.6,36.08,40.82,32.36,0.78,0.78,0.0,3.0,74.4,15.44,28.24,21.488,1003.16,84.4,25.02,0.0,5.078,18.356,105.9,10.022,12.99,5,20,51,105,1970-01-21 14:07:02.544,1970-01-21 14:07:49.320,Xuân,,,
Hà Tĩnh,Bắc Trung Bộ,2026-05-16,29.26,34.12,26.42,35.08,41.42,31.82,2.92,2.92,0.0,6.4,80.6,16.98,31.54,19.494,1003.6,84.0,25.3,0.0,4.5600000000000005,18.356,105.9,9.175999999999998,13.006,5,20,51,160,1970-01-21 14:08:28.932,1970-01-21 14:09:15.744,Xuân,,,
Hà Tĩnh,Bắc Trung Bộ,2026-05-17,28.880000000000003,31.78,26.82,35.620000000000005,39.96,32.519999999999996,7.780000000000001,7.780000000000001,0.0,9.0,84.0,12.6,23.92,21.698,1004.38,94.4,25.82,0.0,4.616,18.356,105.9,10.634,13.018,5,20,51,118,1970-01-21 14:09:55.320,1970-01-21 14:10:42.180,Xuân,,,
Hà Tĩnh,Bắc Trung Bộ,2026-05-18,28.68,32.019999999999996,26.32,35.04,40.06,32.019999999999996,2.6,2.6,0.0,7.6,84.6,15.4,26.360000000000003,20.618,1004.48,94.2,25.7,0.0,4.456,18.356,105.9,11.116,13.028,5,21,53,134,1970-01-21 14:11:21.684,1970-01-21 14:12:08.592,Xuân,,,
Hà Tĩnh,Bắc Trung Bộ,2026-05-19,28.74,32.019999999999996,26.6,34.96,39.96,31.82,1.78,1.78,0.0,6.0,84.2,14.78,27.2,20.48,1003.78,92.2,25.660000000000004,0.0,4.44,18.356,105.9,9.816,13.04,5,21,53,127,1970-01-21 14:12:48.072,1970-01-21 14:13:35.028,Xuân,,,
Hà Tĩnh,Bắc Trung Bộ,2026-05-20,28.2,31.54,25.92,34.160000000000004,38.7,31.160000000000004,4.4,4.4,0.0,14.6,85.6,16.259999999999998,29.74,18.076,1003.86,93.8,25.44,0.0,3.948,18.356,105.9,8.488,13.05,5,21,51,150,1970-01-21 14:14:14.472,1970-01-21 14:15:01.440,Xuân,,,
Hà Tĩnh,Bắc Trung Bộ,2026-05-21,28.9,32.42,26.18,34.14,38.94,30.96,3.94,3.94,0.0,10.0,81.8,16.22,35.86,19.548,1005.88,95.8,25.24,0.0,4.548,18.356,105.9,9.984,13.06,5,21,51,164,1970-01-21 14:15:40.860,1970-01-21 14:16:27.864,Xuân,,,
Hà Tĩnh,Bắc Trung Bộ,2026-05-22,30.1,33.72,27.119999999999997,35.160000000000004,40.58,31.139999999999997,0.64,0.64,0.0,1.8,73.4,18.880000000000003,34.56,22.362,1007.02,97.2,24.619999999999997,0.0,5.526000000000001,18.356,105.9,11.644,13.07,5,21,53,189,1970-01-21 14:17:07.224,1970-01-21 14:17:54.288,Xuân,,,
Hà Tĩnh,Bắc Trung Bộ,2026-05-23,30.74,33.88,27.880000000000003,36.1,41.34,32.14,0.04,0.04,0.0,0.4,71.4,18.86,34.339999999999996,24.178,1006.62,58.2,24.78,0.0,5.99,18.356,105.9,12.038,13.080000000000002,5,21,3,118,1970-01-21 14:18:33.612,1970-01-21 14:19:20.700,Xuân,,,
Hà Tĩnh,Bắc Trung Bộ,2026-05-24,31.619999999999997,35.82,27.72,36.8,42.16,32.6,0.02,0.02,0.0,0.2,66.8,16.98,30.74,25.058,1006.36,75.8,24.4,0.0,6.4079999999999995,18.356,105.9,12.012,13.09,5,21,3,187,1970-01-21 14:20:00.012,1970-01-21 14:20:47.124,Xuân,,,
Hà Tĩnh,Bắc Trung Bộ,2026-05-25,31.82,36.04,27.9,37.239999999999995,42.8,33.019999999999996,0.04,0.04,0.0,0.4,66.6,17.84,33.2,25.778,1005.08,41.4,24.48,0.0,6.506,18.356,105.9,12.01,13.098,5,22,3,197,1970-01-21 14:21:26.400,1970-01-21 14:22:13.548,Xuân,,,
Hà Tĩnh,Bắc Trung Bộ,2026-05-26,32.08,35.96,28.7,37.9,43.48,34.06,0.0,0.0,0.0,0.0,67.8,16.24,30.6,25.818,1003.86,2.8,25.0,0.0,6.4319999999999995,18.356,105.9,12.204,13.108,5,22,0,119,1970-01-21 14:22:52.800,1970-01-21 14:23:39.972,Xuân,,,
Hà Tĩnh,Bắc Trung Bộ,2026-05-27,31.56,35.54,28.54,37.220000000000006,42.8,33.14,0.08,0.08,0.0,0.8,68.4,17.5,32.54,25.384,1005.04,15.6,24.8,0.0,6.182,18.356,105.9,12.204,13.118,5,22,51,108,1970-01-21 14:24:19.164,1970-01-21 14:25:06.396,Xuân,,,
Hà Tĩnh,Bắc Trung Bộ,2026-05-28,30.9,34.56,27.98,37.64,41.68,34.480000000000004,0.12,0.12,0.0,0.8,76.2,16.04,29.74,25.346,1006.96,28.2,25.96,0.0,5.58,18.356,105.9,12.132,13.128,5,22,3,102,1970-01-21 14:25:45.564,1970-01-21 14:26:32.820,Xuân,,,
Hà Tĩnh,Bắc Trung Bộ,2026-05-29,29.3,32.9,26.1,35.94,40.5,31.22,4.7,4.7,0.0,9.0,83.4,13.64,28.160000000000004,23.712,1008.4,47.8,26.02,0.0,5.016,18.356,105.9,11.786,13.136,5,22,61,12,1970-01-21 14:27:11.952,1970-01-21 14:27:59.244,Xuân,,,
Hà Tĩnh,Bắc Trung Bộ,2026-05-30,28.139999999999997,31.46,25.74,34.06,37.44,31.48,3.7400000000000007,3.7400000000000007,0.0,9.8,85.0,16.4,32.760000000000005,22.884,1009.6,62.2,25.24,0.0,4.614,18.356,105.9,12.0,13.14,5,22,53,34,1970-01-21 14:28:38.352,1970-01-21 14:29:25.668,Xuân,,,
Hà Tĩnh,Bắc Trung Bộ,2026-05-31,28.68,31.859999999999996,25.619999999999997,34.56,38.38,31.8,1.98,1.98,0.0,7.6,80.6,13.8,28.660000000000004,24.598000000000003,1008.9,24.0,24.82,0.0,5.202,18.356,105.9,12.074000000000002,13.148,5,22,51,88,1970-01-21 14:30:04.752,1970-01-21 14:30:52.092,Xuân,,,
Hà Tĩnh,Bắc Trung Bộ,2026-06-01,29.839999999999996,33.739999999999995,26.26,35.519999999999996,41.0,31.619999999999997,0.1,0.1,0.0,0.8,76.6,16.56,31.02,25.916000000000004,1007.52,23.6,24.94,0.0,5.773999999999999,18.356,105.9,12.206,13.158,6,23,2,116,1970-01-21 14:31:31.152,1970-01-21 14:32:18.504,Hè,,,
Hà Tĩnh,Bắc Trung Bộ,2026-06-02,30.24,33.980000000000004,26.68,36.2,41.16,32.7,0.48,0.48,0.0,1.6,77.6,19.3,34.86,25.714,1005.32,10.2,25.639999999999997,0.0,5.6899999999999995,18.356,105.9,12.248,13.166,6,23,51,113,1970-01-21 14:32:57.552,1970-01-21 14:33:44.940,Hè,,,
Hà Tĩnh,Bắc Trung Bộ,2026-06-03,30.92,34.9,27.54,36.64,41.4,32.72,0.64,0.64,0.0,1.6,72.0,18.06,34.8,25.408,1002.98,6.4,25.02,0.0,5.926,18.356,105.9,12.206,13.169999999999998,6,23,51,124,1970-01-21 14:34:23.952,1970-01-21 14:35:11.352,Hè,,,
Hà Tĩnh,Bắc Trung Bộ,2026-06-04,31.5,35.519999999999996,28.04,36.78,42.66,32.4,0.3,0.3,0.0,2.0,67.6,18.04,34.12,25.97,1002.32,35.2,24.46,0.0,6.456,18.356,105.9,12.278,13.178,6,23,51,135,1970-01-21 14:35:50.352,1970-01-21 14:36:37.788,Hè,,,
Hà Tĩnh,Bắc Trung Bộ,2026-06-05,30.619999999999997,33.92,26.639999999999997,35.08,39.86,30.5,2.54,2.54,0.0,4.2,68.0,20.56,38.58,23.186,1003.84,64.0,23.84,0.0,5.9159999999999995,18.356,105.9,12.144,13.185999999999998,6,23,53,185,1970-01-21 14:37:16.752,1970-01-21 14:38:04.200,Hè,,,
Hà Tĩnh,Bắc Trung Bộ,2026-06-06,29.860000000000003,33.5,26.380000000000003,34.64,38.38,31.24,2.82,2.82,0.0,7.0,74.8,18.52,36.3,19.344,1004.62,89.8,24.52,0.0,4.93,18.356,105.9,10.425999999999998,13.188,6,23,51,176,1970-01-21 14:38:43.152,1970-01-21 14:39:30.624,Hè,,,
Hà Tĩnh,Bắc Trung Bộ,2026-06-07,31.44,34.68,28.56,34.739999999999995,37.88,32.14,0.98,0.98,0.0,4.2,62.8,22.92,42.56,19.894,1003.74,95.2,23.26,0.0,6.156000000000001,18.356,105.9,10.77,13.198,6,23,3,177,1970-01-21 14:40:09.552,1970-01-21 14:40:57.048,Hè,,,
Hà Tĩnh,Bắc Trung Bộ,2026-06-08,31.839999999999996,35.36,28.660000000000004,35.3,39.72,31.9,0.22,0.22,0.0,0.8,61.6,26.1,48.84,21.284,1002.08,97.6,23.26,0.0,6.462000000000001,18.356,105.9,10.898,13.198,6,24,3,205,1970-01-21 14:41:35.952,1970-01-21 14:42:23.460,Hè,,,
Hà Tĩnh,Bắc Trung Bộ,2026-06-09,27.4,29.32,25.74,31.46,34.040000000000006,29.52,14.5,14.5,0.0,10.8,81.2,20.42,38.459999999999994,14.056,1006.04,97.2,23.76,0.0,3.282,18.356,105.9,4.9399999999999995,13.208000000000002,6,24,65,327,1970-01-21 14:43:02.352,1970-01-21 14:43:49.884,Hè,,,
Hà Tĩnh,Bắc Trung Bộ,2026-06-10,26.52,28.619999999999997,24.7,31.1,33.160000000000004,28.72,23.68,23.68,0.0,17.6,85.4,16.080000000000002,31.26,12.162,1009.24,99.8,23.72,0.0,2.758,18.356,105.9,2.934,13.208000000000002,6,24,63,6,1970-01-21 14:44:28.752,1970-01-21 14:45:16.308,Hè,,,
Hà Tĩnh,Bắc Trung Bộ,2026-06-11,26.94,29.94,24.54,32.38,35.519999999999996,29.68,10.28,10.28,0.0,10.6,86.6,12.22,23.68,14.4,1010.98,91.2,24.4,0.0,3.1399999999999997,18.356,105.9,6.734,13.21,6,24,63,113,1970-01-21 14:45:55.152,1970-01-21 14:46:42.720,Hè,,,
Hà Tĩnh,Bắc Trung Bộ,2026-06-12,28.639999999999997,32.08,25.46,34.46,38.82,31.04,1.72,1.72,0.0,3.8,81.2,15.34,31.08,23.164,1010.7,86.2,24.86,0.0,4.9879999999999995,18.356,105.9,11.892,13.218,6,24,51,134,1970-01-21 14:47:21.552,1970-01-21 14:48:09.132,Hè,,,
Hà Tĩnh,Bắc Trung Bộ,2026-06-13,30.68,34.08,28.0,35.58,40.58,32.2,0.2,0.2,0.0,1.0,68.6,18.24,33.480000000000004,21.812,1007.18,88.0,24.02,0.0,5.638,18.356,105.9,11.036,13.218,6,24,51,148,1970-01-21 14:48:47.952,1970-01-21 14:49:35.544,Hè,,,
Hà Tĩnh,Bắc Trung Bộ,2026-06-14,31.459999999999997,35.339999999999996,27.860000000000003,36.28,42.02,32.22,0.4,0.4,0.0,0.4,65.0,20.74,38.17999999999999,24.744,1004.38,84.4,23.82,0.0,6.43,18.356,105.9,11.946,13.220000000000002,6,24,3,157,1970-01-21 14:50:14.364,1970-01-21 14:51:01.968,Hè,,,
Hà Tĩnh,Bắc Trung Bộ,2026-06-15,31.08,34.18,27.92,35.980000000000004,39.720000000000006,31.54,0.2799999999999999,0.2799999999999999,0.0,0.8,68.4,19.72,36.42,19.038,1004.28,97.6,24.3,0.0,5.034000000000001,18.356,105.9,10.678,13.228,6,25,3,191,1970-01-21 14:51:40.764,1970-01-21 14:52:28.380,Hè,,,
Hà Tĩnh,Bắc Trung Bộ,2026-06-16,31.26,34.6,28.72,36.12,41.1,33.0,0.42,0.42,0.0,1.4,65.2,16.68,30.96,20.804,1005.56,98.0,23.68,0.0,5.401999999999999,18.356,105.9,9.428,13.228,6,25,3,178,1970-01-21 14:53:07.200,1970-01-21 14:53:54.804,Hè,,,
Hà Tĩnh,Bắc Trung Bộ,2026-06-17,30.82,33.82,28.08,35.44,39.34,32.160000000000004,0.0,0.0,0.0,0.0,67.0,18.52,33.339999999999996,18.498,1005.6,85.2,23.76,0.0,4.968,18.356,105.9,10.396,13.228,6,25,3,146,1970-01-21 14:54:33.612,1970-01-21 14:55:21.228,Hè,,,
Hà Tĩnh,Bắc Trung Bộ,2026-06-18,31.42,34.9,28.68,36.0,41.06,32.94,0.18,0.18,0.0,1.0,64.2,19.339999999999996,34.339999999999996,22.404,1005.1,97.6,23.6,0.0,5.901999999999999,18.356,105.9,11.312,13.228,6,25,51,177,1970-01-21 14:56:00.012,1970-01-21 14:56:47.628,Hè,,,
Hà Tĩnh,Bắc Trung Bộ,2026-06-19,31.26,34.56,28.56,35.3,39.3,32.3,0.0,0.0,0.0,0.0,62.6,19.0,35.2,17.964,1005.02,99.4,23.08,0.0,5.142,18.356,105.9,9.656,13.228,6,25,3,131,1970-01-21 14:57:26.412,1970-01-21 14:58:14.052,Hè,,,
Hà Tĩnh,Bắc Trung Bộ,2026-06-20,31.640000000000004,35.76,28.08,36.04,41.760000000000005,31.96,0.26,0.26,0.0,1.4,63.0,19.48,37.02,24.384,1005.92,84.6,23.44,0.0,6.428,18.356,105.9,11.736,13.228,6,25,51,129,1970-01-21 14:58:52.824,1970-01-21 14:59:40.464,Hè,,,
Hà Tĩnh,Bắc Trung Bộ,2026-06-21,31.72,35.82,28.18,36.62,42.04,32.519999999999996,0.3,0.3,0.0,1.6,64.4,16.5,32.9,25.395999999999997,1006.58,79.8,23.8,0.0,6.442,18.356,105.9,12.136,13.228,6,25,3,121,1970-01-21 15:00:19.260,1970-01-21 15:01:06.888,Hè,,,
Hà Tĩnh,Bắc Trung Bộ,2026-06-22,31.840000000000003,35.620000000000005,28.78,36.52,41.42,33.36,0.58,0.58,0.0,2.4,62.4,15.080000000000002,31.119999999999997,23.624,1004.96,78.2,23.36,0.0,6.116,18.356,105.9,11.958,13.228,6,26,51,224,1970-01-21 15:01:45.672,1970-01-21 15:02:33.288,Hè,,,
Hà Tĩnh,Bắc Trung Bộ,2026-06-23,32.12,36.7,28.08,36.260000000000005,42.48,31.880000000000003,0.08,0.08,0.0,0.6,58.0,19.4,36.5,25.018,1002.18,29.2,22.48,0.0,6.674000000000001,18.356,105.9,12.448,13.228,6,26,3,223,1970-01-21 15:03:12.072,1970-01-21 15:03:59.700,Hè,,,
Hà Tĩnh,Bắc Trung Bộ,2026-06-24,32.92,36.88,29.24,37.48,42.84,33.36,0.44,0.44,0.0,1.8,56.4,15.919999999999998,32.04,24.856,1001.96,21.4,22.8,0.0,6.546000000000001,18.356,105.9,12.402,13.228,6,26,51,219,1970-01-21 15:04:38.484,1970-01-21 15:05:26.112,Hè,,,
Hà Tĩnh,Bắc Trung Bộ,2026-06-25,33.42,37.56,29.82,38.14,43.18,33.9,0.6399999999999999,0.6399999999999999,0.0,1.8,56.6,15.88,33.12,25.232,1002.32,81.4,23.119999999999997,0.0,6.698,18.356,105.9,12.174,13.228,6,26,51,166,1970-01-21 15:06:04.920,1970-01-21 15:06:52.524,Hè,,,
Hà Tĩnh,Bắc Trung Bộ,2026-06-26,31.48,36.42,28.58,36.82,42.3,32.019999999999996,2.66,2.66,0.0,4.2,67.0,22.339999999999996,44.22,23.028,1004.02,98.4,24.18,0.0,5.754,18.356,105.9,10.758,13.228,6,26,53,31,1970-01-21 15:07:31.332,1970-01-21 15:08:18.948,Hè,,,
Hà Tĩnh,Bắc Trung Bộ,2026-06-27,30.880000000000003,34.36,28.28,36.760000000000005,40.48,33.5,1.7600000000000002,1.7600000000000002,0.0,3.8,71.8,15.36,34.86,23.932,1004.06,94.6,24.98,0.0,5.512,18.356,105.9,12.032,13.228,6,26,51,96,1970-01-21 15:08:57.732,1970-01-21 15:09:45.348,Hè,,,
Hà Tĩnh,Bắc Trung Bộ,2026-06-28,31.06,34.239999999999995,28.26,36.48,40.36,33.34,0.78,0.78,0.0,3.0,70.8,16.759999999999998,33.480000000000004,22.348000000000003,1003.28,92.4,24.880000000000003,0.0,5.542,18.356,105.9,11.4,13.220000000000002,6,26,51,115,1970-01-21 15:10:24.144,1970-01-21 15:11:11.760,Hè,,,
Hà Tĩnh,Bắc Trung Bộ,2026-06-29,30.82,34.68,28.360000000000003,36.02,40.9,32.92,1.48,1.48,0.0,2.8,70.6,19.28,37.72,23.401999999999997,1003.06,96.4,24.64,0.0,5.784000000000001,18.356,105.9,11.436,13.218,6,27,51,119,1970-01-21 15:11:50.580,1970-01-21 15:12:38.160,Hè,,,
Hà Tĩnh,Bắc Trung Bộ,2026-06-30,30.46,33.9,28.0,35.54,39.82,31.92,3.94,3.94,0.0,7.4,71.4,16.96,35.36,22.286,1003.78,92.8,24.44,0.0,5.446,18.356,105.9,11.028,13.218,6,27,61,117,1970-01-21 15:13:16.992,1970-01-21 15:14:04.572,Hè,,,
Hà Tĩnh,Bắc Trung Bộ,2026-07-01,29.24,32.72,27.18,35.239999999999995,39.68,32.22,9.2,9.2,0.0,10.6,79.8,14.44,30.1,20.942,1004.6,94.0,25.14,0.0,4.618,18.356,105.9,11.438,13.216,7,27,63,86,1970-01-21 15:14:43.392,1970-01-21 15:15:30.972,Hè,,,
Hà Tĩnh,Bắc Trung Bộ,2026-07-02,28.54,32.1,25.54,34.620000000000005,38.88,30.8,12.18,12.18,0.0,14.0,83.4,13.28,26.44,21.78,1005.88,98.2,25.24,0.0,4.642,18.356,105.9,10.692,13.208000000000002,7,27,63,16,1970-01-21 15:16:09.816,1970-01-21 15:16:57.372,Hè,,,
Hà Tĩnh,Bắc Trung Bộ,2026-07-03,26.56,28.52,25.68,31.639999999999997,34.36,30.28,49.52,49.52,0.0,21.6,92.6,20.0,38.02,13.646,1004.88,98.4,25.2,0.0,2.694,18.356,105.9,5.42,13.208000000000002,7,27,63,304,1970-01-21 15:17:36.252,1970-01-21 15:18:23.784,Hè,,,
Hà Tĩnh,Bắc Trung Bộ,2026-07-04,27.26,29.96,25.3,32.46,35.18,30.1,20.52,20.52,0.0,16.0,86.8,17.02,31.96,7.1739999999999995,1002.72,100.0,24.78,0.0,2.042,18.356,105.9,0.096,13.2,7,27,63,189,1970-01-21 15:19:02.652,1970-01-21 15:19:50.184,Hè,,,
Hà Tĩnh,Bắc Trung Bộ,2026-07-05,28.82,31.4,26.9,32.9,35.86,30.22,1.0,1.0,0.0,4.0,74.6,18.6,34.42,11.522,1003.4,100.0,23.84,0.0,3.536,18.356,105.9,1.148,13.198,7,27,53,169,1970-01-21 15:20:29.064,1970-01-21 15:21:16.584,Hè,,,
Hà Tĩnh,Bắc Trung Bộ,2026-07-06,27.68,30.08,25.54,31.9,34.94,29.18,15.02,15.02,0.0,10.4,81.6,21.5,41.62,11.844,1003.6,94.4,24.08,0.0,3.016,18.356,105.9,4.696,13.19,7,28,61,160,1970-01-21 15:21:55.512,1970-01-21 15:22:42.984,Hè,,,
Hà Tĩnh,Bắc Trung Bộ,2026-07-07,28.880000000000003,32.86,25.4,33.739999999999995,39.16,29.160000000000004,7.52,7.52,0.0,10.4,79.4,20.68,41.5,22.052,1002.38,65.2,24.72,0.0,5.101999999999999,18.356,105.9,11.454,13.188,7,28,61,198,1970-01-21 15:23:21.912,1970-01-21 15:24:09.384,Hè,,,
Hà Tĩnh,Bắc Trung Bộ,2026-07-08,30.1,33.32,27.32,36.059999999999995,41.06,32.46,2.48,2.48,0.0,5.8,75.2,14.84,34.42,24.908,1002.26,58.8,25.020000000000003,0.0,5.728,18.356,105.9,11.954,13.178,7,28,51,82,1970-01-21 15:24:48.324,1970-01-21 15:25:35.784,Hè,,,
Hà Tĩnh,Bắc Trung Bộ,2026-07-09,29.28,32.44,26.46,34.480000000000004,39.239999999999995,31.22,5.380000000000001,5.380000000000001,0.0,8.2,74.6,15.9,31.98,21.684,1002.5,58.0,24.1,0.0,5.061999999999999,18.356,105.9,10.942,13.169999999999998,7,28,63,225,1970-01-21 15:26:14.772,1970-01-21 15:27:02.184,Hè,,,
Hà Tĩnh,Bắc Trung Bộ,2026-07-10,29.0,32.760000000000005,25.56,34.339999999999996,39.8,29.76,11.2,11.2,0.0,8.6,77.4,15.94,34.48,22.914,1001.48,86.6,24.52,0.0,5.226,18.356,105.9,11.928,13.168,7,28,63,193,1970-01-21 15:27:41.172,1970-01-21 15:28:28.572,Hè,,,
Hà Tĩnh,Bắc Trung Bộ,2026-07-11,29.56,32.68,27.54,35.04,39.46,31.92,2.3,2.3,0.0,4.4,73.4,11.98,29.28,23.122,999.44,78.4,24.14,0.0,5.286,18.356,105.9,12.146,13.158,7,28,51,230,1970-01-21 15:29:07.596,1970-01-21 15:29:54.972,Hè,,,
Hà Tĩnh,Bắc Trung Bộ,2026-07-12,28.860000000000003,31.7,27.0,34.86,38.46,31.92,3.359999999999999,3.359999999999999,0.0,8.6,79.0,10.6,23.52,21.484,999.72,66.0,24.8,0.0,4.636,18.356,105.9,11.96,13.15,7,28,3,220,1970-01-21 15:30:34.032,1970-01-21 15:31:21.372,Hè,,,
Hà Tĩnh,Bắc Trung Bộ,2026-07-13,28.02,31.02,25.18,34.54,38.739999999999995,30.3,16.880000000000003,16.880000000000003,0.0,16.8,86.6,11.24,25.48,20.202,1001.82,81.4,25.4,0.0,4.212000000000001,18.356,105.9,10.734,13.146,7,29,63,202,1970-01-21 15:32:00.432,1970-01-21 15:32:47.760,Hè,,,
Hà Tĩnh,Bắc Trung Bộ,2026-07-14,29.08,32.88,26.54,35.08,40.18,31.5,3.3600000000000003,3.3600000000000003,0.0,7.8,81.0,17.380000000000003,35.4,21.144,1002.5,86.8,25.32,0.0,4.744,18.356,105.9,10.058,13.138,7,29,61,214,1970-01-21 15:33:26.880,1970-01-21 15:34:14.160,Hè,,,
Hà Tĩnh,Bắc Trung Bộ,2026-07-15,29.619999999999997,32.46,27.76,34.56,37.86,32.12,2.8,2.8,0.0,4.8,75.2,19.34,39.28,15.806,1003.42,95.6,24.6,0.0,4.215999999999999,18.356,105.9,8.232,13.128,7,29,53,217,1970-01-21 15:34:53.292,1970-01-21 15:35:40.548,Hè,,,
Hà Tĩnh,Bắc Trung Bộ,2026-07-16,29.26,33.3,25.839999999999996,34.28,39.72,29.880000000000003,10.260000000000002,10.260000000000002,0.0,8.2,78.0,19.58,41.62,18.306,1003.88,87.2,24.78,0.0,4.564,18.356,105.9,9.062,13.12,7,29,63,165,1970-01-21 15:36:19.704,1970-01-21 15:37:06.948,Hè,,,
Hà Tĩnh,Bắc Trung Bộ,2026-07-17,30.139999999999997,32.72,27.92,34.220000000000006,38.22,31.7,0.06,0.06,0.0,0.6,68.2,18.54,32.92,18.774,1003.32,94.8,23.54,0.0,5.064,18.356,105.9,9.534,13.11,7,29,51,209,1970-01-21 15:37:46.140,1970-01-21 15:38:33.324,Hè,,,
Hà Tĩnh,Bắc Trung Bộ,2026-07-18,30.4,34.2,26.339999999999996,34.86,40.44,29.44,1.12,1.12,0.0,1.6,66.8,19.14,35.3,25.454,1002.86,57.2,23.32,0.0,6.2379999999999995,18.356,105.9,12.03,13.1,7,29,3,171,1970-01-21 15:39:12.552,1970-01-21 15:39:59.712,Hè,,,
Hà Tĩnh,Bắc Trung Bộ,2026-07-19,31.04,34.3,28.06,35.480000000000004,40.2,32.18,0.12,0.12,0.0,0.6,62.4,15.34,30.619999999999997,25.686,1003.38,92.0,22.78,0.0,6.374,18.356,105.9,12.094,13.096,7,29,3,225,1970-01-21 15:40:38.964,1970-01-21 15:41:26.100,Hè,,,
Hà Tĩnh,Bắc Trung Bộ,2026-07-20,30.72,33.739999999999995,28.5,35.28,39.46,32.68,0.28,0.28,0.0,1.2,63.8,14.419999999999998,28.22,23.716,1004.1,94.2,22.86,0.0,5.884,18.356,105.9,11.428,13.086000000000002,7,30,3,51,1970-01-21 15:42:05.400,1970-01-21 15:42:52.500,Hè,,,
